,px,person,people,all
0,0.0,0.0705699566603974,0.09994086339444115,0.19975755336993617
1,0.001001001001001001,0.0705699566603974,0.09994086339444115,0.20688401662722533
2,0.002002002002002002,0.10497875523356719,0.15262780741229165,0.21412297027233013
3,0.003003003003003003,0.13465502640305785,0.19023485755060623,0.22145214283044812
4,0.004004004004004004,0.159249644207864,0.22455499383857042,0.2289203977627881
5,0.005005005005005005,0.18067502592978318,0.2503338504001197,0.23648055410375887
6,0.006006006006006006,0.20070665927086265,0.2745265125911437,0.24415009636830529
7,0.007007007007007007,0.21784480435005135,0.2937637442011957,0.2519189487806897
8,0.008008008008008008,0.23538347460078488,0.3097387189418264,0.25974082452885183
9,0.009009009009009009,0.25100122529444513,0.3282637071990586,0.26763493029428376
10,0.01001001001001001,0.26557775496573427,0.3461545169935286,0.27558906851567755
11,0.011011011011011011,0.2777812035925722,0.36226096285894616,0.2836180716875759
12,0.012012012012012012,0.2900400330810924,0.3769950639170275,0.29173305097732277
13,0.013013013013013013,0.3001972135503493,0.3891315765956101,0.299914187340929
14,0.014014014014014014,0.31092729680871206,0.39782892449352114,0.3081805535439085
15,0.015015015015015015,0.32084134158043875,0.4099011998504181,0.3165016316393051
16,0.016016016016016016,0.32915131225457694,0.41712813962427575,0.3248918012206573
17,0.017017017017017015,0.3391581298899405,0.4302464056507313,0.3333527831482086
18,0.018018018018018018,0.34751514679286655,0.43557124300153294,0.34188296133041957
19,0.01901901901901902,0.35626039916200575,0.44405467458914133,0.3504719101069208
20,0.02002002002002002,0.3645134875400691,0.45388935270899283,0.35914098095677316
21,0.02102102102102102,0.37087701646923094,0.4614590579365674,0.3678839048033941
22,0.022022022022022022,0.37774049547499566,0.46697025753859617,0.3766596471460265
23,0.023023023023023025,0.38524531620651264,0.47433936962272377,0.38547836136087854
24,0.024024024024024024,0.3919963231158346,0.4821550584200423,0.39436513089475284
25,0.025025025025025023,0.3991802385369713,0.4878509820040634,0.40331320857818986
26,0.026026026026026026,0.40527294861277796,0.4921371236855523,0.41234144368858067
27,0.02702702702702703,0.41068736628150654,0.4981967255740239,0.42141934833915673
28,0.028028028028028028,0.4156009395077253,0.5024854814751457,0.4296899321074391
29,0.029029029029029027,0.42251063324236754,0.5097621899111517,0.43733999059248435
30,0.03003003003003003,0.42714136959512083,0.5145053972387367,0.44447067965564613
31,0.031031031031031032,0.43264291953793343,0.5201612115006391,0.4511988164849319
32,0.03203203203203203,0.43703810039362495,0.525895665724424,0.45754890172521273
33,0.03303303303303303,0.44141877670525864,0.5269233696621172,0.4635918777166428
34,0.03403403403403403,0.4456833864785375,0.5300262216503546,0.46936043955972584
35,0.035035035035035036,0.44984143958213946,0.5319914790548741,0.47484614124697544
36,0.036036036036036036,0.4547327039979631,0.5347364395905101,0.48005807798621225
37,0.037037037037037035,0.45897675105974717,0.5392619565492635,0.4850199610667772
38,0.03803803803803804,0.46293785201245874,0.542048877130211,0.4897612491268573
39,0.03903903903903904,0.4676145755088536,0.5460655972498913,0.49432423238073103
40,0.04004004004004004,0.47123430976151925,0.5480264760237777,0.49872382329036485
41,0.04104104104104104,0.47479902038969923,0.551509096963066,0.5029733942010927
42,0.04204204204204204,0.47895075816137955,0.5545802185036869,0.507103277173944
43,0.043043043043043044,0.48320373314522785,0.5573852614951337,0.511043487975275
44,0.044044044044044044,0.4874121104554592,0.5591714848025063,0.5148947530308117
45,0.04504504504504504,0.4925668403443457,0.562189206395435,0.5186064146737586
46,0.04604604604604605,0.4962490697800342,0.5660399826301421,0.5221661784359954
47,0.04704704704704705,0.49874102276749843,0.5668955162358406,0.5256192470682313
48,0.04804804804804805,0.5001911502585552,0.5698285197111909,0.5289606486613986
49,0.04904904904904905,0.5032410199664441,0.5737202925435789,0.5322040165446951
50,0.050050050050050046,0.5062013962892827,0.5770133474761301,0.535344722058344
51,0.05105105105105105,0.5097179735758519,0.5816728277388516,0.5384117786476149
52,0.05205205205205205,0.5128762911197252,0.5835808032938737,0.5414198358466793
53,0.05305305305305305,0.5149560352420612,0.5862500717685932,0.5443623599460221
54,0.05405405405405406,0.5173045395304308,0.5878913098978452,0.5472607947639365
55,0.055055055055055056,0.5197496500961871,0.5913852723927499,0.5500427278554323
56,0.056056056056056056,0.5224253960123659,0.5948534369046832,0.5527599036189249
57,0.057057057057057055,0.5248473507034184,0.5980945156672356,0.5554109828025661
58,0.058058058058058054,0.5270445499937073,0.6009475496834041,0.5580050567891038
59,0.05905905905905906,0.5295462482983155,0.6039692532387672,0.5605773203850312
60,0.06006006006006006,0.5318226619984134,0.6069838425945512,0.563102242309399
61,0.06106106106106106,0.5340565520588819,0.6092932673025344,0.5655996323470104
62,0.062062062062062065,0.535505328375172,0.6106489122939747,0.5680360218834855
63,0.06306306306306306,0.5374858082430226,0.6131606708832708,0.5704146463227235
64,0.06406406406406406,0.5404984574876407,0.6142546245534366,0.572741878988043
65,0.06506506506506507,0.5420188801153945,0.6154956139694838,0.575008562631567
66,0.06606606606606606,0.5446754485700199,0.6195233257550733,0.5772591197850018
67,0.06706706706706707,0.5468686332619362,0.6206588818477531,0.5794557653346498
68,0.06806806806806806,0.5487736992507468,0.6225323380256944,0.5815987899023648
69,0.06906906906906907,0.5499668322406788,0.6259485932184535,0.5836863344931278
70,0.07007007007007007,0.5514863381191112,0.6274182232126212,0.58573017561669
71,0.07107107107107107,0.5540886304838274,0.6274101135133919,0.587716839632485
72,0.07207207207207207,0.5556419363529607,0.6289071385409005,0.5896297482021102
73,0.07307307307307308,0.5560649978434948,0.6294687176731595,0.5915228284929558
74,0.07407407407407407,0.55908264090832,0.6313255690171656,0.5933893915287289
75,0.07507507507507508,0.5611571824113488,0.6333461615167155,0.5952035007994159
76,0.07607607607607608,0.5639354664686338,0.635935526178027,0.596971344601868
77,0.07707707707707707,0.565719475158216,0.6385124314446887,0.598677355778612
78,0.07807807807807808,0.5678649736002851,0.6411565763882109,0.6003721975102428
79,0.07907907907907907,0.5708236836171262,0.6429030887930073,0.6020413381259172
80,0.08008008008008008,0.5722202674411462,0.6438097310449432,0.6036964437090868
81,0.08108108108108109,0.5735735322196376,0.6452251624904657,0.6053053037162887
82,0.08208208208208208,0.5754268896858341,0.6477873180841377,0.6068979919620441
83,0.08308308308308308,0.5778278636491772,0.6497014490957078,0.6084583075923797
84,0.08408408408408408,0.5788500726757649,0.6518629604762083,0.6099909027990361
85,0.08508508508508508,0.5802800940847873,0.652971550329625,0.6114865618115258
86,0.08608608608608609,0.5825481413986127,0.6540185610747591,0.612936312354392
87,0.08708708708708708,0.5843106301183121,0.6536702461906186,0.614369490399654
88,0.08808808808808809,0.5870452808517439,0.6538131195595466,0.6157902552590883
89,0.0890890890890891,0.588095241613114,0.6542692193921475,0.6172009366094939
90,0.09009009009009009,0.5898366223297125,0.655045282068484,0.6185919776499259
91,0.09109109109109109,0.5915685420586285,0.657249073377026,0.619978593827666
92,0.0920920920920921,0.5931133466578533,0.6572526167590014,0.6213257564519914
93,0.09309309309309309,0.5948812479022988,0.657238234669698,0.6226614950909144
94,0.0940940940940941,0.5957429712086943,0.6577755716894899,0.6239988897328377
95,0.09509509509509509,0.5968956594535708,0.6581597304077607,0.6253045306579411
96,0.0960960960960961,0.5989851157697531,0.6584106605811078,0.6266027939122053
97,0.0970970970970971,0.5998364297505704,0.6575692967613738,0.6278938530847021
98,0.0980980980980981,0.6008756510065246,0.657855077663051,0.6291870932163434
99,0.0990990990990991,0.6014609480508726,0.6589481515677409,0.6304956855544102
100,0.10010010010010009,0.6029257411976857,0.6590747169224113,0.6317808036644003
101,0.1011011011011011,0.6042370745912476,0.6592977370242843,0.6330541343804764
102,0.1021021021021021,0.6052231980412968,0.6601807433012938,0.6342923095768603
103,0.1031031031031031,0.6067237460568671,0.6626072049830788,0.6355671678624698
104,0.1041041041041041,0.6069127135107758,0.6645457362986593,0.636806170229993
105,0.10510510510510511,0.6091380687323,0.664878550179281,0.6380153949905135
106,0.1061061061061061,0.6094075956543457,0.6658310475691679,0.6392283342711894
107,0.10710710710710711,0.6109087549812106,0.6688242790029001,0.640431073301803
108,0.10810810810810811,0.6120461823666028,0.6700478782982814,0.6415998924855594
109,0.1091091091091091,0.6134417339990569,0.6708750767570113,0.6427387449436675
110,0.11011011011011011,0.6148000273479034,0.671272693463134,0.6438680184868906
111,0.1111111111111111,0.6146341607670545,0.6720468991982729,0.6449844371219731
112,0.11211211211211211,0.6167494841059051,0.6727844958722323,0.6460800520390974
113,0.11311311311311312,0.617691943410417,0.6733803129210068,0.6471657575137771
114,0.11411411411411411,0.6195509559169261,0.6749850209507479,0.6482190768252823
115,0.11511511511511512,0.6211185777549745,0.6755206904101577,0.649275450632627
116,0.11611611611611611,0.6226710128779668,0.6762783313363954,0.6503140416359309
117,0.11711711711711711,0.6239440202482758,0.6776653417580174,0.6513209008134657
118,0.11811811811811812,0.6247793877324925,0.6789934685473493,0.6523012346909025
119,0.11911911911911911,0.6259768501366301,0.681743440615976,0.6532810827600368
120,0.12012012012012012,0.6266375435514147,0.6824532562682706,0.654253673150753
121,0.12112112112112113,0.6274911220082386,0.6838362912584407,0.6552063994649727
122,0.12212212212212212,0.6285962177405043,0.6845905618513907,0.6561386717279208
123,0.12312312312312312,0.6297291827082754,0.6867303856129948,0.6570979842265994
124,0.12412412412412413,0.63115799250843,0.6878521414910429,0.658045100472124
125,0.12512512512512514,0.6319198991460654,0.6895703579984089,0.6589909716223636
126,0.12612612612612611,0.6329253199335609,0.6914577570342505,0.659944423079581
127,0.12712712712712712,0.6337761167988175,0.6923887458790097,0.6608874962145849
128,0.12812812812812813,0.6365022747018915,0.6977651770331766,0.6618071221794372
129,0.12912912912912913,0.6362988179375177,0.6991009735383497,0.6626858356218243
130,0.13013013013013014,0.6366767091938731,0.7003909887893518,0.6635364346923917
131,0.13113113113113112,0.6376355796113247,0.7021142255037042,0.6643690278808367
132,0.13213213213213212,0.6384651280359566,0.7030129477967574,0.6652015980475536
133,0.13313313313313313,0.6391367950346036,0.7032969694785094,0.6659941062982201
134,0.13413413413413414,0.6398154832353544,0.7038767802365632,0.6667667934344962
135,0.13513513513513514,0.6403048104264335,0.7055941241342915,0.6675371664048402
136,0.13613613613613612,0.6404757605730886,0.7066505846197328,0.6682932373846314
137,0.13713713713713713,0.6407694359240049,0.7075499880960366,0.6690436442756389
138,0.13813813813813813,0.6421235638370042,0.706599270889261,0.6697518965023649
139,0.13913913913913914,0.6432782522825552,0.7050187179022712,0.6704369025384379
140,0.14014014014014015,0.6431738650554941,0.7069407242989465,0.6710990684562592
141,0.14114114114114115,0.6435497615445058,0.7072684251906743,0.671751881241117
142,0.14214214214214213,0.6439138752966246,0.707603376247574,0.6724007946642716
143,0.14314314314314314,0.6433556771388582,0.7070043417765418,0.6730439111253186
144,0.14414414414414414,0.6440303777461159,0.708033607877588,0.6736954352450607
145,0.14514514514514515,0.6450128082763801,0.7077099544748532,0.6743105351493452
146,0.14614614614614616,0.6451708361648189,0.7070626377469198,0.6749136838863352
147,0.14714714714714713,0.6463310269060012,0.7061565202655612,0.675503650695016
148,0.14814814814814814,0.6480160947353213,0.7072395066418415,0.6760850819976686
149,0.14914914914914915,0.6474758058445104,0.7078607798685738,0.6766319864885749
150,0.15015015015015015,0.6483264856440559,0.7085614712990214,0.677182653903342
151,0.15115115115115116,0.6484894575288145,0.7107630492274495,0.6777313793659276
152,0.15215215215215216,0.6495007510898502,0.7102275202960743,0.6782589751355194
153,0.15315315315315314,0.649560449284561,0.7096453404729555,0.6787815456469483
154,0.15415415415415415,0.650454706144883,0.708505016018544,0.6792553881140064
155,0.15515515515515516,0.650587022929651,0.707632532077658,0.679725947842388
156,0.15615615615615616,0.6513933264233758,0.7075477977096133,0.6801867905132714
157,0.15715715715715717,0.6524297498402345,0.707731050388391,0.6806261146524233
158,0.15815815815815815,0.6526087365814354,0.7079601389706651,0.6810431197087162
159,0.15915915915915915,0.6527190502689288,0.7081890982961035,0.6814381280353351
160,0.16016016016016016,0.6537123557927902,0.7091824979383706,0.68182127375385
161,0.16116116116116116,0.6540299795545236,0.7091619811952158,0.682187231166208
162,0.16216216216216217,0.6544050573106847,0.7088175055374164,0.6825494210961187
163,0.16316316316316315,0.6535458244616658,0.708229882642524,0.6829099130029008
164,0.16416416416416416,0.6539101980202865,0.7070326739905829,0.6832733634462507
165,0.16516516516516516,0.6538514448757864,0.7082254556096548,0.6836358154200435
166,0.16616616616616617,0.6547019285769015,0.7085242436437211,0.6839875032223605
167,0.16716716716716717,0.6553053106125851,0.7098332027635561,0.68431746202555
168,0.16816816816816815,0.6554841210606345,0.7117231199724521,0.6846430241272357
169,0.16916916916916916,0.656720208063604,0.7135081084299334,0.684989247345475
170,0.17017017017017017,0.6572072946786774,0.7132531863109521,0.6853100128133109
171,0.17117117117117117,0.657881746437545,0.7127302245551252,0.6856312467922904
172,0.17217217217217218,0.6582022238990711,0.7133018038530335,0.685964629303594
173,0.17317317317317318,0.6586728615246026,0.7138199109378618,0.6863063408166207
174,0.17417417417417416,0.6588598187470108,0.7133840076467033,0.6866192983094813
175,0.17517517517517517,0.6594854466590885,0.7156927636466273,0.6869548127301461
176,0.17617617617617617,0.6599615658841193,0.717498688444093,0.6872844950835396
177,0.17717717717717718,0.6604701527313226,0.7177276927348331,0.6875985371892505
178,0.1781781781781782,0.661510492943273,0.7179565619003162,0.6878992582153474
179,0.17917917917917917,0.6628753824855342,0.7197240008894635,0.6882019667604753
180,0.18018018018018017,0.663235894690977,0.7201609890798313,0.6885223583163663
181,0.18118118118118118,0.6635338878888082,0.7205397625244947,0.6888707966350053
182,0.18218218218218218,0.6634853834099443,0.7210754838985921,0.6892167252009758
183,0.1831831831831832,0.6634337999220682,0.720578791652521,0.6895601239597342
184,0.1841841841841842,0.6626427176054803,0.7200818962227437,0.689909619388131
185,0.18518518518518517,0.662712763647148,0.720060363113305,0.6902596661830833
186,0.18618618618618618,0.6626959418997111,0.7205306487215393,0.6905915966316432
187,0.1871871871871872,0.663173974889699,0.7208957431539986,0.6909251101197388
188,0.1881881881881882,0.6636593417023543,0.7214302568094572,0.6912551278386104
189,0.1891891891891892,0.6637747140847182,0.7220200658632276,0.6916002225369319
190,0.19019019019019018,0.6639249091056119,0.7213421624060852,0.6919576903625272
191,0.19119119119119118,0.6640408796841811,0.7219458655066018,0.6923137245654931
192,0.1921921921921922,0.6635947885333803,0.7208791961271345,0.6926725902671199
193,0.1931931931931932,0.6646408428430333,0.7200837430731024,0.6930006328656014
194,0.1941941941941942,0.66531772808075,0.7203570590950524,0.6933222346025828
195,0.19519519519519518,0.665061991693134,0.7197200716498356,0.6936195990716331
196,0.1961961961961962,0.6651787384139799,0.7203098901931599,0.6939226114323951
197,0.1971971971971972,0.6656719996531381,0.7205664904115825,0.6942339389904859
198,0.1981981981981982,0.6660303768084269,0.7213117446918409,0.6945462726126773
199,0.1991991991991992,0.6663785627181555,0.7207987029307906,0.6948473799140253
200,0.20020020020020018,0.6665555082165339,0.723003548404358,0.6951535297541038
201,0.2012012012012012,0.6672397285577658,0.7232758284314558,0.6954385343133406
202,0.2022022022022022,0.6677368921896014,0.7235479093491762,0.6957058489173259
203,0.2032032032032032,0.6681258706218385,0.7222759454259693,0.6959658000766541
204,0.2042042042042042,0.6683206373031624,0.7217614240574088,0.696215273151954
205,0.20520520520520522,0.6686309187856372,0.72300874207867,0.6964463951666867
206,0.2062062062062062,0.6690999233210305,0.7246603401874506,0.6966558150637955
207,0.2072072072072072,0.6693192061408032,0.7249066317211645,0.696866612751541
208,0.2082082082082082,0.6701029602241698,0.725084513397815,0.6970728619132484
209,0.2092092092092092,0.6709551006853259,0.7252623085632555,0.6972802614111232
210,0.21021021021021022,0.6710784142287064,0.7255345074214441,0.697494545957567
211,0.2112112112112112,0.6706015840879022,0.7261501753963697,0.6977137676938848
212,0.2122122122122122,0.6709105225363595,0.7262998139991416,0.6979537424500772
213,0.2132132132132132,0.6704349788982646,0.7264493912747384,0.698167685793133
214,0.21421421421421422,0.6703764590721236,0.7265989072608535,0.6983635798841881
215,0.21521521521521522,0.6706562282264473,0.7267483619951494,0.6985611281372011
216,0.21621621621621623,0.6713203798778429,0.7270720093101264,0.698771476905374
217,0.2172172172172172,0.672412108927757,0.7274183648588002,0.6989760270335222
218,0.2182182182182182,0.6721192367974493,0.7264796216238039,0.6991907391663144
219,0.21921921921921922,0.6725292461278147,0.7274813720773692,0.6994063736121362
220,0.22022022022022023,0.6725123548043415,0.7280471375323154,0.6996193967063493
221,0.22122122122122123,0.6728136528369666,0.7285540889503827,0.6998571645519593
222,0.2222222222222222,0.671940348369996,0.7304270335479522,0.7000908391291547
223,0.22322322322322322,0.6724247686053253,0.7309372886102993,0.7003263605437757
224,0.22422422422422422,0.6729247520168782,0.7302809651830852,0.7005611418021029
225,0.22522522522522523,0.673387811959302,0.730083298122415,0.7007947132377893
226,0.22622622622622623,0.6736819073624333,0.7305667679854373,0.7010042349368029
227,0.2272272272272272,0.6738282785888601,0.7308980653458519,0.7012114034253134
228,0.22822822822822822,0.6734905286888948,0.7312223350287262,0.7014178529299528
229,0.22922922922922923,0.6734455896901023,0.7314677188340818,0.7016361950738783
230,0.23023023023023023,0.6744608940069142,0.7317129348708298,0.7018652617221952
231,0.23123123123123124,0.6739698409157248,0.730787872360176,0.7020870288523521
232,0.23223223223223222,0.6744548628039486,0.7311201517594047,0.7023018192965153
233,0.23323323323323322,0.6745411165404412,0.7310571652622434,0.7025001443182797
234,0.23423423423423423,0.6744480563409077,0.7307192840169193,0.7027037187550872
235,0.23523523523523523,0.6741522668067083,0.7304293707587811,0.7029096854497661
236,0.23623623623623624,0.6742316770819556,0.730902066782923,0.7031191829099525
237,0.23723723723723725,0.6739535052425388,0.7337505105103274,0.7033124292613431
238,0.23823823823823823,0.6740329126386806,0.731859026396707,0.7034995325242291
239,0.23923923923923923,0.674038548108147,0.7310322476912655,0.7036946333920455
240,0.24024024024024024,0.6738822507204646,0.7320624510348156,0.7039165289710112
241,0.24124124124124124,0.6739127438430229,0.7328099020223023,0.7041458829864091
242,0.24224224224224225,0.6736854644259372,0.7331653938359759,0.7043629859563525
243,0.24324324324324323,0.6730172529379019,0.7333573692674219,0.7045838843173817
244,0.24424424424424424,0.6731700609814297,0.7335492384085374,0.7048293778910082
245,0.24524524524524524,0.672859865286658,0.7345432774988716,0.7050703931439328
246,0.24624624624624625,0.6730117301914116,0.7360226534037729,0.7053174834867061
247,0.24724724724724725,0.6728174031182209,0.7365060323628501,0.7055539940575898
248,0.24824824824824826,0.6729077117279137,0.7373539626281511,0.7057769314597214
249,0.24924924924924924,0.6734063944162288,0.7378834154334128,0.7059960558324991
250,0.2502502502502503,0.6731632262311037,0.7378383258578566,0.7062209172614847
251,0.25125125125125125,0.6724981048545242,0.7384321650657565,0.7064423599338736
252,0.25225225225225223,0.6726358494158808,0.7390108934014009,0.7066587273889855
253,0.25325325325325326,0.6730872928508601,0.7392553581611436,0.7068546622436568
254,0.25425425425425424,0.6731730665651549,0.7394996481630508,0.7070516623884637
255,0.2552552552552553,0.6736521854965739,0.739794673992323,0.7072609858917359
256,0.25625625625625625,0.6741387534280534,0.7401211547122576,0.7074667925626359
257,0.25725725725725723,0.6742728602771373,0.7413960285359869,0.707681907987098
258,0.25825825825825827,0.6738946907850352,0.7405602992969176,0.7078827449983779
259,0.25925925925925924,0.6751914447094209,0.7407606214669414,0.7080823303091978
260,0.2602602602602603,0.6762192624054173,0.7410067497004037,0.7082891918184003
261,0.26126126126126126,0.6767519756449288,0.7412296869442195,0.7085030406167153
262,0.26226226226226224,0.6757355562392574,0.7407273310868512,0.7087150947944052
263,0.26326326326326327,0.6760701522487025,0.740224717101186,0.7089025886618124
264,0.26426426426426425,0.6764733154441823,0.740311343246093,0.7091130867372275
265,0.2652652652652653,0.6766318609236055,0.7429768544638582,0.7093377008346262
266,0.26626626626626626,0.6773250282528341,0.7434736715393455,0.7095412048762973
267,0.26726726726726724,0.6774658725296114,0.743071019592584,0.7097170424758956
268,0.2682682682682683,0.677678293038913,0.7446838135726369,0.7098923117270165
269,0.26926926926926925,0.6785264639853369,0.7451127389458274,0.7100728570166771
270,0.2702702702702703,0.6790167578602366,0.7455774161432556,0.7102422902895494
271,0.27127127127127126,0.6797154103597561,0.7460472969397616,0.7104071308359742
272,0.27227227227227224,0.6799508641038057,0.7455409559136772,0.7105534781468099
273,0.2732732732732733,0.6800726547021345,0.7450343422332435,0.7106919383057548
274,0.27427427427427425,0.6802906806001394,0.7454220626388182,0.7108068039728365
275,0.2752752752752753,0.680379580170961,0.7457620027855234,0.7109155744297451
276,0.27627627627627627,0.6800640963941706,0.7459941662712278,0.711028904593141
277,0.2772772772772773,0.6800919887802293,0.7462261669890481,0.7111420785614935
278,0.2782782782782783,0.6795812684188435,0.7451304306923463,0.7112531487183554
279,0.27927927927927926,0.6794257540749923,0.7453811244129233,0.711357883407462
280,0.2802802802802803,0.6805475737248176,0.7457167321331284,0.7114598675647702
281,0.28128128128128127,0.6807922648133504,0.7463738444961886,0.7115573007252972
282,0.2822822822822823,0.6806102394384662,0.746089247132561,0.7116558194079958
283,0.2832832832832833,0.6805371515735851,0.7455232381403232,0.7117537224355089
284,0.28428428428428426,0.6804069220426635,0.7455490614636714,0.7118650236860007
285,0.2852852852852853,0.6802852151713219,0.7459819991251595,0.7119569200377293
286,0.2862862862862863,0.6800934494627436,0.7463007655308759,0.7120400330733404
287,0.2872872872872873,0.6801587970372787,0.7466044729519602,0.7121153402933755
288,0.2882882882882883,0.6799199148870712,0.7469084753413413,0.7122009519739804
289,0.28928928928928926,0.6801498318120711,0.7472129109156466,0.7122914396698041
290,0.2902902902902903,0.6804785742685717,0.7475028594654995,0.7123900704380793
291,0.2912912912912913,0.6801534989007684,0.746548615104983,0.7124571792224198
292,0.2922922922922923,0.6799811514439011,0.7446769295804408,0.7125213998013901
293,0.2932932932932933,0.6797463896305895,0.7449819322456649,0.7125901468550185
294,0.29429429429429427,0.6797149990250099,0.7450752427256818,0.7126348343917683
295,0.2952952952952953,0.6798386155744223,0.7441628776485286,0.7126555751957772
296,0.2962962962962963,0.6796177942044144,0.7445990843164267,0.7126647482810465
297,0.2972972972972973,0.6797073400406243,0.7442544692598112,0.7126622478296147
298,0.2982982982982983,0.6799288006930341,0.7435175710004255,0.712656616207623
299,0.29929929929929927,0.6796047236593713,0.7423732487390299,0.7126563166454383
300,0.3003003003003003,0.67985830444608,0.742526092008219,0.7126603924607481
301,0.3013013013013013,0.6798823669628614,0.7426788617924858,0.7126444495103867
302,0.3023023023023023,0.6796424565474104,0.7428315581448134,0.7126293385668995
303,0.3033033033033033,0.6799863724845702,0.7429895263326406,0.7126106631148993
304,0.30430430430430433,0.6798172097930785,0.7432083795077988,0.7126060724603956
305,0.3053053053053053,0.6796480168858231,0.7434270818878204,0.7125968890123142
306,0.3063063063063063,0.6797394082341591,0.7436456336285039,0.712566642683204
307,0.3073073073073073,0.6799090973171489,0.7443997164584252,0.712515388602675
308,0.3083083083083083,0.6802822996142112,0.7453726980052505,0.7124553872149875
309,0.30930930930930933,0.6799092246302489,0.7458984930018588,0.7124037861017036
310,0.3103103103103103,0.679732058030586,0.7455934360220741,0.7123410966342324
311,0.3113113113113113,0.6804152668136417,0.7452882749245273,0.7122722365019872
312,0.3123123123123123,0.6806799894376646,0.7449830095950607,0.7121702307950354
313,0.3133133133133133,0.6804573122063906,0.7447379665414263,0.7120541737319388
314,0.31431431431431434,0.6803458800609686,0.7451787342629442,0.711934006049756
315,0.3153153153153153,0.6804713044468145,0.7463736926075186,0.7118062039694781
316,0.3163163163163163,0.6796377471577973,0.7468160642323943,0.7116667763751079
317,0.3173173173173173,0.6793326764822175,0.748016522364917,0.7115455148311232
318,0.3183183183183183,0.6790885865549416,0.748460505037354,0.7114443895823995
319,0.31931931931931934,0.6792493366687197,0.7476708986913226,0.7113410971920942
320,0.3203203203203203,0.6790048540449081,0.746749910895153,0.7112234479913482
321,0.3213213213213213,0.6785570765488106,0.7469727521521523,0.711114166927747
322,0.32232232232232233,0.6783122279480119,0.7471954333054629,0.7110078513503336
323,0.3233233233233233,0.6774994400467678,0.747417954527566,0.7109127369832632
324,0.32432432432432434,0.6772484211790064,0.7478280204135305,0.7108170364627753
325,0.3253253253253253,0.6773755796162564,0.7487528967843045,0.7106992104366829
326,0.3263263263263263,0.6769131468263497,0.747602255193283,0.7105601411487587
327,0.32732732732732733,0.6771645733025958,0.747352373127094,0.7104126561600377
328,0.3283283283283283,0.677310840884179,0.7471024187810936,0.7102624515902317
329,0.32932932932932935,0.6773910602597369,0.7468523920920602,0.7100900164239398
330,0.3303303303303303,0.6772678737869207,0.7466022929966993,0.709913987171342
331,0.3313313313313313,0.6771211971629703,0.7460579831257333,0.709733390493226
332,0.33233233233233234,0.6773283145810678,0.7446098785145207,0.7095444354441023
333,0.3333333333333333,0.6770000139650003,0.7435793310618755,0.7093434013649794
334,0.33433433433433435,0.6776978899315721,0.7430991862273914,0.7091308555073248
335,0.3353353353353353,0.676942882295916,0.7426187755283563,0.7089163078840957
336,0.3363363363363363,0.6770901623856785,0.7421533184217962,0.7087057831725366
337,0.33733733733733734,0.6766092832871676,0.7393803495973679,0.7084890727681362
338,0.3383383383383383,0.6759001498962931,0.7390252996570926,0.7082665203632736
339,0.33933933933933935,0.6759011820076065,0.7386701046381606,0.7080477140463569
340,0.34034034034034033,0.676012166178905,0.7383147643604746,0.7078074182217151
341,0.34134134134134136,0.6759237528681443,0.7378360662401573,0.7075408742084272
342,0.34234234234234234,0.6760507039326014,0.738282732586709,0.707280316037475
343,0.3433433433433433,0.6749804886009467,0.7393628170535947,0.7070146353429769
344,0.34434434434434436,0.6745441802710597,0.7396483177940457,0.7067279448532314
345,0.34534534534534533,0.6728525726238711,0.7399374506507155,0.7064279296900486
346,0.34634634634634637,0.6726024822113921,0.7402523425242374,0.7061445200543816
347,0.34734734734734735,0.6728057913597454,0.7405668982649424,0.7058661981089265
348,0.3483483483483483,0.673050952983923,0.7412091908753325,0.705590486484688
349,0.34934934934934936,0.6728001827704374,0.740884735833255,0.7053084577305782
350,0.35035035035035034,0.6724712396028815,0.7374884781340986,0.7050220668815699
351,0.35135135135135137,0.672031998895512,0.7361673301905112,0.704703645696996
352,0.35235235235235235,0.6718419233382598,0.7356758365675465,0.7043769339909632
353,0.3533533533533533,0.6719690888950831,0.7351840596769246,0.7040338035411614
354,0.35435435435435436,0.6719027733538411,0.7334847385015959,0.7036826834194313
355,0.35535535535535534,0.6717503603236938,0.7333202452122132,0.7033379243728649
356,0.3563563563563564,0.6714985172941547,0.7331557203116601,0.7029904754338667
357,0.35735735735735735,0.6711204630699492,0.7329911637820908,0.7026519046862449
358,0.35835835835835833,0.6709767620994019,0.7328265756056467,0.7023240289950341
359,0.35935935935935936,0.6713133643742303,0.7326619557644549,0.7019936077932217
360,0.36036036036036034,0.6714265558220875,0.7324973042406299,0.7016538801530421
361,0.3613613613613614,0.6715193524573618,0.7323326210162722,0.7013320974803204
362,0.36236236236236236,0.6712952365924957,0.7323038438968411,0.7009956425889424
363,0.36336336336336333,0.6703728709964496,0.7325897827403,0.7006770548295229
364,0.36436436436436437,0.6700015989562064,0.7328754354660951,0.7003648143381257
365,0.36536536536536535,0.6697800145831476,0.7312344256273114,0.7000485732310028
366,0.3663663663663664,0.6691052606622897,0.7305522470366657,0.6997288196631567
367,0.36736736736736736,0.6688516783601925,0.7310251995928774,0.6993954665996325
368,0.3683683683683684,0.6684198867408718,0.7318298812674666,0.6990390595468157
369,0.36936936936936937,0.6677592840754414,0.7305473775628137,0.6986878280839691
370,0.37037037037037035,0.6675021159168955,0.7288165727984951,0.6983348584812938
371,0.3713713713713714,0.6673802007999484,0.7294667813020699,0.6980025394499678
372,0.37237237237237236,0.6673863487187741,0.7297546415457798,0.6976789762503829
373,0.3733733733733734,0.6673428720027927,0.7300422035783642,0.6973483903318447
374,0.3743743743743744,0.6664013494924647,0.7297491121626579,0.6969973911702269
375,0.37537537537537535,0.6668049468802777,0.7290596281134133,0.696641574732477
376,0.3763763763763764,0.6657246130902934,0.7279249024837338,0.6963131069889275
377,0.37737737737737737,0.6649579763695523,0.7262328316347394,0.695996266251852
378,0.3783783783783784,0.6640521571936041,0.7254654833563005,0.695681415368824
379,0.3793793793793794,0.6638276040930468,0.7247714031557481,0.6953639168022854
380,0.38038038038038036,0.6640338454837454,0.7250441841182851,0.6950624303318731
381,0.3813813813813814,0.663098846461648,0.7253315285441564,0.6947623890727525
382,0.38238238238238237,0.6628736288921687,0.7257713351391103,0.6944749561717238
383,0.3833833833833834,0.6626443751300057,0.7258504974620846,0.6941748978140797
384,0.3843843843843844,0.6624187834523189,0.724457598989689,0.6938758805758328
385,0.38538538538538536,0.6613882938290819,0.7247565630315629,0.6935498279390616
386,0.3863863863863864,0.6610937405745495,0.7256460846321129,0.6932203311696975
387,0.38738738738738737,0.661317358553383,0.7236077233335441,0.6928771550369673
388,0.3883883883883884,0.6612908166686333,0.7222028647551096,0.6925199525369686
389,0.3893893893893894,0.6615415150894521,0.7215354043414095,0.6921609540743874
390,0.39039039039039036,0.6611548648247617,0.7211598288944682,0.6918085681674591
391,0.3913913913913914,0.6609279829874998,0.7207840836315792,0.6914748650879952
392,0.3923923923923924,0.6606818569557442,0.7190759496731,0.6911451036486246
393,0.3933933933933934,0.6585066007315182,0.7194733164004712,0.6908058825680894
394,0.3943943943943944,0.6586412952476303,0.7198764011965549,0.6904631560065211
395,0.39539539539539537,0.6578581769175786,0.7203314216746322,0.690138888820212
396,0.3963963963963964,0.6579701148329422,0.7209233672464085,0.6898327796100703
397,0.3973973973973974,0.6581296087761873,0.7217217696017726,0.689526106348596
398,0.3983983983983984,0.6581265708803183,0.7215263550534812,0.6892145944492842
399,0.3993993993993994,0.658350874713517,0.7201073546607001,0.6888775120137226
400,0.40040040040040037,0.6584029023446598,0.7189887396085555,0.6885558289465951
401,0.4014014014014014,0.6582809287391715,0.7181750791557646,0.6882373824448162
402,0.4024024024024024,0.6581589379714334,0.7177226359328945,0.6879437399618159
403,0.4034034034034034,0.6580369300346048,0.7173660398023375,0.6876621658282852
404,0.4044044044044044,0.657759006027398,0.717009288757672,0.6873898688198181
405,0.40540540540540543,0.6579835092544554,0.7166523826189243,0.6871261072691425
406,0.4064064064064064,0.6571449745622789,0.7173214225433272,0.6868569170976241
407,0.4074074074074074,0.6564679979868722,0.7188680837140108,0.6865968056322692
408,0.4084084084084084,0.6551146893679595,0.7183909850043911,0.6863315887525883
409,0.4094094094094094,0.6553899741404123,0.7179136052634609,0.6860639482069866
410,0.41041041041041043,0.6535736778208467,0.7171442733671693,0.685791603412425
411,0.4114114114114114,0.6522053994018281,0.7181097901857395,0.6855162290029512
412,0.4124124124124124,0.6521794675732396,0.7166685403619226,0.6852187201817607
413,0.4134134134134134,0.651940379068838,0.7152240464206199,0.6849331711922431
414,0.4144144144144144,0.6518970818790197,0.7144477286744597,0.6846572537125502
415,0.41541541541541543,0.6520256803140511,0.7149079916015637,0.684369408280565
416,0.4164164164164164,0.6522165241427866,0.7147602019623538,0.6840922809191611
417,0.4174174174174174,0.6517450565559809,0.7142767843271769,0.6838259927998213
418,0.4184184184184184,0.6514832532340027,0.7137930745044769,0.6835728787820907
419,0.4194194194194194,0.6515132742408443,0.7137783844875215,0.6833069606463265
420,0.42042042042042044,0.651283101341336,0.7139483072933959,0.6830118449991024
421,0.4214214214214214,0.6509774362939104,0.7141181129870151,0.6827070287789764
422,0.4224224224224224,0.6512785077422425,0.71428780168941,0.68238870099841
423,0.42342342342342343,0.6510448989436525,0.7143218775910901,0.682050341015558
424,0.4244244244244244,0.6499565637199396,0.7130461034339354,0.68169733436524
425,0.42542542542542544,0.6500905644579382,0.7132482243501839,0.6813368948621484
426,0.4264264264264264,0.6499328532461036,0.7134501785661547,0.6809750618047231
427,0.4274274274274274,0.6500460160199883,0.7136519662879928,0.6806172511812882
428,0.42842842842842843,0.650039243802238,0.7124310025819277,0.6802683712888198
429,0.4294294294294294,0.6491099696106032,0.7126333760756554,0.6799219302118247
430,0.43043043043043044,0.6488597476944966,0.7128355813853864,0.6795809298869978
431,0.4314314314314314,0.6485830133864696,0.7130376187206893,0.6792098429494527
432,0.43243243243243246,0.6485976685755457,0.7133013369640618,0.6788378625283206
433,0.43343343343343343,0.6478861641285195,0.7137066781753045,0.6784521496924333
434,0.4344344344344344,0.6474137300086221,0.7137818069320846,0.678075937232637
435,0.43543543543543545,0.6458472511454271,0.7132499622512847,0.6776920612168352
436,0.4364364364364364,0.6453389088026019,0.7127177582917178,0.6773334064283772
437,0.43743743743743746,0.6451017255005215,0.7112921999447099,0.6769705501579755
438,0.43843843843843844,0.6442365299369949,0.7115625550191297,0.6766135377193472
439,0.4394394394394394,0.6435174924540367,0.711832606041034,0.6762695410631157
440,0.44044044044044045,0.6430980872809953,0.7106185980873859,0.6759322433291998
441,0.44144144144144143,0.6432260150392433,0.7108216878167811,0.6755805460695574
442,0.44244244244244246,0.6435260735958209,0.7110246048506057,0.6752116555735826
443,0.44344344344344344,0.6427128274112877,0.7112273494090416,0.6748468828275624
444,0.4444444444444444,0.6408349131659566,0.7100213541180962,0.6744816956326687
445,0.44544544544544545,0.6403558478138616,0.7080600526134601,0.6741030424548107
446,0.44644644644644643,0.6394084192094934,0.7076899249298669,0.6737126234490377
447,0.44744744744744747,0.6391044256756697,0.7073196227858903,0.673321512208485
448,0.44844844844844844,0.6383895141442071,0.7069491459828489,0.6729219318086549
449,0.4494494494494494,0.6371868542724411,0.706459393328931,0.672529177219152
450,0.45045045045045046,0.6357287519486291,0.7059646481102505,0.6721604403896031
451,0.45145145145145144,0.6349914959844865,0.7054931741113405,0.6717876845195101
452,0.45245245245245247,0.6342952548713108,0.7056640694332811,0.6714131506580054
453,0.45345345345345345,0.6344609849627153,0.705834839909835,0.6710253081829695
454,0.4544544544544544,0.6340604943056697,0.7060054856777586,0.670645752175552
455,0.45545545545545546,0.6338102547791166,0.7061760068736085,0.6702626780782058
456,0.45645645645645644,0.6335641264790809,0.703220897764708,0.6698830994786199
457,0.4574574574574575,0.6336770661456087,0.7028473280045152,0.669505804091559
458,0.45845845845845845,0.6335197917633946,0.7024735806769905,0.6691068441451179
459,0.45945945945945943,0.633032347894142,0.7020996555789869,0.6686933018506234
460,0.46046046046046046,0.6321684720839963,0.7019797537080984,0.6682711854121702
461,0.46146146146146144,0.6320202189964857,0.7021149437688122,0.6678563272643413
462,0.4624624624624625,0.6310537956107009,0.7022500543958938,0.667444089646865
463,0.46346346346346345,0.6300476535357288,0.7023850856593326,0.6670438987216926
464,0.46446446446446443,0.6295567289248181,0.7025200376290344,0.6666395852426578
465,0.46546546546546547,0.6292855313192278,0.7026549103748242,0.6662145942169407
466,0.46646646646646645,0.6278333583920824,0.7032271930400158,0.6657931595731112
467,0.4674674674674675,0.6268595182230637,0.702490377292649,0.6653368349322213
468,0.46846846846846846,0.62730501145867,0.7015100093304248,0.6648607201686886
469,0.4694694694694695,0.6272690494666203,0.7007581843927,0.6643827379029961
470,0.47047047047047047,0.6264770513982437,0.7001919831885903,0.6639163037204812
471,0.47147147147147145,0.6257188605192414,0.699689809526645,0.6634300577431463
472,0.4724724724724725,0.6260148897721679,0.6991873129723802,0.6629356651016702
473,0.47347347347347346,0.6254929577809875,0.6993161508679955,0.6624337542705921
474,0.4744744744744745,0.6257190966963482,0.6995867117091054,0.6619372325548708
475,0.4754754754754755,0.6255345620463333,0.6998569484935512,0.6614477808276665
476,0.47647647647647645,0.6252860073176975,0.700031682740946,0.6609649419146734
477,0.4774774774774775,0.6249860959227043,0.7001944820160877,0.6604924887611723
478,0.47847847847847846,0.6237808861037422,0.7003571637505657,0.6600240965998156
479,0.4794794794794795,0.6232358055559387,0.7005197280716301,0.6595327406964866
480,0.4804804804804805,0.6219799455039114,0.7006898422530548,0.6590373271595756
481,0.48148148148148145,0.6214879285706371,0.7014903833514755,0.6585400077519198
482,0.4824824824824825,0.6212372527830755,0.7018992498438659,0.6580740282953147
483,0.48348348348348347,0.6205374836155687,0.7006676073870532,0.6575903860417569
484,0.4844844844844845,0.6202610312901102,0.6991504969752789,0.6571094918006551
485,0.4854854854854855,0.6203740253354705,0.6977656348830029,0.6566264857331399
486,0.48648648648648646,0.6195236664184295,0.697258015899736,0.6561530968806394
487,0.4874874874874875,0.6192583681304394,0.6967500619812903,0.6556583694256146
488,0.48848848848848847,0.619385368975209,0.696189082102448,0.6551731298495905
489,0.4894894894894895,0.6191334115506746,0.6954256985438995,0.6546828059047743
490,0.4904904904904905,0.6173395244815614,0.6946614893903529,0.6541920928312331
491,0.49149149149149146,0.6168340295968581,0.693896322100913,0.6536976768278427
492,0.4924924924924925,0.6142944247091381,0.6932081647761219,0.6532089840561798
493,0.4934934934934935,0.6132899766105617,0.692696995955535,0.6527272280170833
494,0.4944944944944945,0.6130004967334078,0.6921854889862852,0.652238276756452
495,0.4954954954954955,0.6119936511262366,0.6912863295413051,0.6517317243557468
496,0.4964964964964965,0.6097851488079351,0.6890336619312333,0.6512326884064881
497,0.4974974974974975,0.6086330861708348,0.6880372085379668,0.6507179799756327
498,0.4984984984984985,0.6074499582953989,0.6877791853961853,0.6501870838608211
499,0.4994994994994995,0.6071723689399319,0.6875210761835436,0.6496553940622692
500,0.5005005005005005,0.6064592905920074,0.6872628808345308,0.6491149015935521
501,0.5015015015015015,0.6054392316500112,0.6870045992835694,0.6485614884259684
502,0.5025025025025025,0.6055482169736929,0.6867462314650151,0.6479908113525056
503,0.5035035035035035,0.6059921218312988,0.686191202014923,0.6474005384679082
504,0.5045045045045045,0.6047627696291096,0.6854147531038856,0.6467832684954957
505,0.5055055055055055,0.6042442907304952,0.6852895084880026,0.6461673630407243
506,0.5065065065065065,0.6036997448316592,0.6855599372401703,0.6455466474431147
507,0.5075075075075075,0.6034251009926885,0.6858300186773767,0.6449080000697853
508,0.5085085085085085,0.6010919879585638,0.6861008963286666,0.6442532960752083
509,0.5095095095095095,0.6005702346273284,0.6863719252206821,0.6436152715303325
510,0.5105105105105106,0.5992227800050298,0.686642604581545,0.6429855888968188
511,0.5115115115115115,0.5989612577173307,0.6869013051197153,0.6423546820603593
512,0.5125125125125125,0.5975513487263443,0.6861216136264278,0.6417129281656619
513,0.5135135135135135,0.5971633131399889,0.6866461001121583,0.6410736532397331
514,0.5145145145145145,0.5965615701071346,0.6858581267166824,0.6404235882004432
515,0.5155155155155156,0.5963897562746063,0.6856342767780331,0.6397599086776188
516,0.5165165165165165,0.5960996486828418,0.6854103606653866,0.6391156655381776
517,0.5175175175175175,0.5960275103861274,0.6851863783363469,0.6384787346535441
518,0.5185185185185185,0.5952484497793922,0.6849623297484817,0.6378627792467386
519,0.5195195195195195,0.594203777345366,0.6847382148593225,0.6372523737914592
520,0.5205205205205206,0.5933851949998146,0.6829736939875728,0.6366461470236814
521,0.5215215215215215,0.5935809122361684,0.6821864555262812,0.6360541397157843
522,0.5225225225225225,0.5930505040051328,0.6798579060935088,0.6354942953437112
523,0.5235235235235235,0.5919838559727435,0.6790669430610292,0.6349377376584041
524,0.5245245245245245,0.5921241684814146,0.678452580715272,0.6343715688697916
525,0.5255255255255256,0.5910720909026049,0.6791034856937077,0.6338099679513682
526,0.5265265265265265,0.5902364132226069,0.6787069542237368,0.633253165258757
527,0.5275275275275275,0.5887984131347817,0.6783102154306555,0.6327044013042794
528,0.5285285285285285,0.5870594746292017,0.6779132690806522,0.6321281349207187
529,0.5295295295295295,0.586581232691714,0.6745952799765134,0.6315052814892353
530,0.5305305305305306,0.5859309992276941,0.675002178013196,0.6308805999987942
531,0.5315315315315315,0.5838330445471456,0.6755237522536545,0.6302410760004817
532,0.5325325325325325,0.5822355644642562,0.6756007153782614,0.6295364614332665
533,0.5335335335335335,0.5816934428914855,0.6746632522885981,0.6288210291823444
534,0.5345345345345345,0.5810550598433163,0.6750715275819713,0.6280920552979329
535,0.5355355355355356,0.5799807358677995,0.6752031637791864,0.6273518764817643
536,0.5365365365365365,0.5789047838807861,0.6748823790188082,0.6265944096879776
537,0.5375375375375375,0.5767613279570738,0.6745614571019664,0.6258090400644534
538,0.5385385385385385,0.576561989760919,0.6742403979060658,0.6250100143060726
539,0.5395395395395395,0.5753486157617328,0.6739192013083655,0.6241849623626862
540,0.5405405405405406,0.5742650591845456,0.6725987395819436,0.6233491554531148
541,0.5415415415415415,0.5735847693437891,0.6727034443051166,0.6225077362137131
542,0.5425425425425425,0.573597637812175,0.6721657636529768,0.6216545607638725
543,0.5435435435435435,0.5730474415066941,0.6716276964844083,0.6207685527166146
544,0.5445445445445445,0.5724214653621712,0.6713041507654257,0.6198898800291545
545,0.5455455455455456,0.5722262720798439,0.6711245833265056,0.6190076462369665
546,0.5465465465465466,0.5719502623987238,0.670944972863308,0.6181330416709737
547,0.5475475475475475,0.5709493654332444,0.670765319354469,0.617251163010559
548,0.5485485485485485,0.5693157880288636,0.6705856227786116,0.6163833774898487
549,0.5495495495495496,0.5670740441387647,0.6704058831143438,0.6155250027692016
550,0.5505505505505506,0.5671840511040206,0.6702261003402602,0.6146460783008304
551,0.5515515515515516,0.5668820223452554,0.6700462744349405,0.613739647706876
552,0.5525525525525525,0.5666035021999335,0.6698664053769509,0.6127892098897811
553,0.5535535535535535,0.5650080708081858,0.6685072065073219,0.6118251493538777
554,0.5545545545545546,0.5633582566368148,0.6652940171981158,0.6108538678890552
555,0.5555555555555556,0.5627983590582372,0.6636616516497612,0.6098542588275281
556,0.5565565565565566,0.5616909492397775,0.6626114021508516,0.6088277874705574
557,0.5575575575575575,0.5598795920822822,0.6575094041335946,0.6077581165235598
558,0.5585585585585585,0.5595983399662868,0.6566826901097175,0.6066686625936418
559,0.5595595595595596,0.5569825832574837,0.6558549648197777,0.6055650539482389
560,0.5605605605605606,0.5564177037858882,0.6550262168129127,0.6044424051140491
561,0.5615615615615616,0.5544073286420944,0.6541964429782348,0.6033098287307891
562,0.5625625625625625,0.552389207741778,0.6533656534958004,0.6021318866707768
563,0.5635635635635635,0.5512645009950758,0.6509078340028481,0.6009344445251249
564,0.5645645645645646,0.5495811312817324,0.6500729837450059,0.5997329659864253
565,0.5655655655655656,0.5484520552347909,0.6487153368127496,0.5984881635656984
566,0.5665665665665666,0.5478323120932345,0.6483669585404436,0.5972340563473209
567,0.5675675675675675,0.5469586487211543,0.6475274647433183,0.5959696473796363
568,0.5685685685685685,0.5463849817967245,0.6444560861054505,0.5946721083982858
569,0.5695695695695696,0.5460212534875277,0.6445649119193932,0.5933473235021564
570,0.5705705705705706,0.5454465413613807,0.6435076040401386,0.5920007750807569
571,0.5715715715715716,0.5443573045054992,0.642791918750633,0.5906068017005468
572,0.5725725725725725,0.5434476998164782,0.6423680445836774,0.5891850217335046
573,0.5735735735735735,0.5424503538624886,0.6419439331236999,0.5877352157617228
574,0.5745745745745746,0.5419769934284324,0.6415195840993401,0.5862923593344421
575,0.5755755755755756,0.5409381570334012,0.6399882963894082,0.5848364275713955
576,0.5765765765765766,0.5394353899187149,0.6382842660942595,0.5833604010835096
577,0.5775775775775776,0.5377189409613181,0.6342797691413549,0.5818676348960103
578,0.5785785785785785,0.5350669998743863,0.6337074540288955,0.5803462831596385
579,0.5795795795795796,0.5327673248462094,0.63313470945175,0.5787828300212453
580,0.5805805805805806,0.5277911632635418,0.6314252251289255,0.5772247268977194
581,0.5815815815815816,0.5266001103773487,0.6296329884525259,0.5756637672328495
582,0.5825825825825826,0.5234261357631382,0.6268242244439131,0.5741064561207049
583,0.5835835835835835,0.5222509720075743,0.6244610069833011,0.5725617871286391
584,0.5845845845845846,0.5210739362246798,0.622714677124312,0.5710125611623879
585,0.5855855855855856,0.5193121586549386,0.6223042476829987,0.5694939888070267
586,0.5865865865865866,0.5169614615841934,0.6226996469702671,0.5679736485628262
587,0.5875875875875876,0.5157759811579139,0.6178610916204206,0.5664199797820303
588,0.5885885885885885,0.5110593122570023,0.618124373945553,0.5648571287045319
589,0.5895895895895896,0.5098643734279084,0.6183872032917105,0.5632800681720264
590,0.5905905905905906,0.5068908750819591,0.6154070950739952,0.5616988881646852
591,0.5915915915915916,0.5062828711986318,0.6126619912933389,0.5601150716159343
592,0.5925925925925926,0.50567437197132,0.6116441269737645,0.5585102111339303
593,0.5935935935935935,0.5053149207042962,0.6080995046631008,0.5568947829817196
594,0.5945945945945946,0.5050103418886502,0.604536736697254,0.555298070836341
595,0.5955955955955956,0.5036512982861203,0.6027263788587417,0.5536634247529164
596,0.5965965965965966,0.4989508726898828,0.6022146979350431,0.5519832823619473
597,0.5975975975975976,0.4971320855246585,0.6007415930990615,0.5502915839343897
598,0.5985985985985985,0.4962849473983906,0.5975495282675751,0.5485906981370572
599,0.5995995995995996,0.4960958665972048,0.5966341886276362,0.5468588967796952
600,0.6006006006006006,0.4932572324380743,0.5957176549842922,0.5450647809942563
601,0.6016016016016016,0.4920555231926299,0.5947999264872915,0.5432449384904966
602,0.6026026026026026,0.4907851555672395,0.5938809900880245,0.5413989432255197
603,0.6036036036036035,0.4883311670720522,0.5929608633949096,0.5395927971644924
604,0.6046046046046046,0.4864816023339354,0.5875614548654584,0.5377636438156794
605,0.6056056056056056,0.48278425620591814,0.5869414990293722,0.5359440457087693
606,0.6066066066066066,0.48092108467292866,0.5863210402183505,0.5341519383922345
607,0.6076076076076076,0.48017510693192,0.5852815110199515,0.5323271482264939
608,0.6086086086086087,0.4777518073697464,0.5820809516554215,0.53051518569946
609,0.6096096096096096,0.4774341949443979,0.5808257865739775,0.5286857980698422
610,0.6106106106106106,0.47703420290482174,0.5809089649255985,0.5268192455549197
611,0.6116116116116116,0.47659240490073684,0.5797768107895965,0.5249210395598695
612,0.6126126126126126,0.4740893259614875,0.5760402300176622,0.522996054468104
613,0.6136136136136137,0.47220270542348886,0.5741413459092499,0.5210967207776519
614,0.6146146146146146,0.47093714694863764,0.5703750137337275,0.5191897220922657
615,0.6156156156156156,0.4696694900916308,0.5687042641863026,0.5172053033809176
616,0.6166166166166166,0.4681922533871258,0.5674258506878351,0.5152421388130963
617,0.6176176176176176,0.46448477288945605,0.5680187285798142,0.5132474321526569
618,0.6186186186186187,0.4621021695538363,0.5676102723851519,0.5112526917475844
619,0.6196196196196196,0.46084692342689415,0.5671295056466527,0.5092372998737473
620,0.6206206206206206,0.4572038289185593,0.5666484359790606,0.5072375089251001
621,0.6216216216216216,0.4533515526608223,0.564228068861843,0.5052129664165745
622,0.6226226226226226,0.4522400489666965,0.5623559346785592,0.5032257214639685
623,0.6236236236236237,0.4509383997417588,0.5613869933304814,0.5012202385407054
624,0.6246246246246246,0.44956005125743775,0.558190497277832,0.4991613341295912
625,0.6256256256256256,0.44689921378834246,0.5535975536246569,0.4969901749109034
626,0.6266266266266266,0.44558785878882434,0.5497146592504948,0.4948242664365543
627,0.6276276276276276,0.44102141313967563,0.548406725845669,0.4926647547749444
628,0.6286286286286287,0.44035287688155544,0.5474189349963349,0.49048767477176636
629,0.6296296296296297,0.4354645435875768,0.5467362687367787,0.48831443991672313
630,0.6306306306306306,0.4341323690689465,0.5461706583241739,0.4861360551937888
631,0.6316316316316316,0.43081680650177706,0.5456046356041441,0.4839810001690422
632,0.6326326326326326,0.4286634612989206,0.5414410406253968,0.4817967921832544
633,0.6336336336336337,0.42598879707723897,0.5394413853723542,0.4794983256087116
634,0.6346346346346347,0.42463970442059856,0.5354747363492773,0.4771354238254211
635,0.6356356356356356,0.4199415795074359,0.5334586773194603,0.47472983905321164
636,0.6366366366366366,0.41826547160385386,0.529733923238957,0.47228356700790497
637,0.6376376376376376,0.4149326599110395,0.5283799692833396,0.46973867939316816
638,0.6386386386386387,0.4135215691199102,0.5263834672323161,0.4672217618684943
639,0.6396396396396397,0.412324338383001,0.5223454819101634,0.46467108422269465
640,0.6406406406406406,0.4075394657593591,0.5183014024027658,0.46213996986601935
641,0.6416416416416416,0.40478492892103834,0.5172702553171272,0.45956783269601004
642,0.6426426426426426,0.40133263590382473,0.5141521472233238,0.4569461420975657
643,0.6436436436436437,0.4005638116961261,0.5132911659315569,0.4542950182288259
644,0.6446446446446447,0.39888465727154254,0.5089597969644892,0.4516110513718284
645,0.6456456456456456,0.39765659130001973,0.5079118105238675,0.448895519968974
646,0.6466466466466466,0.3930120109669121,0.5068623303083412,0.44618683025865385
647,0.6476476476476476,0.3926551895574626,0.50581139590164,0.443496290518807
648,0.6486486486486487,0.39135147558551386,0.5019629448653716,0.4408093948824904
649,0.6496496496496497,0.38501542246198256,0.49881080327032873,0.43806879634791085
650,0.6506506506506506,0.37951378590516566,0.49175802901352067,0.43528419414040925
651,0.6516516516516516,0.37594341145340454,0.4921088115853586,0.4325359555612372
652,0.6526526526526526,0.37450014158667966,0.4920851186090385,0.42975416368960434
653,0.6536536536536537,0.3713794126019116,0.49122457272918935,0.426967316982277
654,0.6546546546546547,0.3692589952607695,0.4903630799917824,0.424153738967696
655,0.6556556556556556,0.36347380132932683,0.4883740141307633,0.4212700177042282
656,0.6566566566566566,0.36273190931795113,0.4871782333931881,0.4183168267617189
657,0.6576576576576576,0.3583574859983304,0.48609542434259057,0.4153394703187227
658,0.6586586586586587,0.35448306630100224,0.47652996104750184,0.4123732367829021
659,0.6596596596596597,0.3509538577208113,0.4678629194087301,0.4093680546759651
660,0.6606606606606606,0.34725036749923016,0.4656399672537781,0.40630327321830967
661,0.6616616616616616,0.34501286382364094,0.463410555385497,0.40320767052848955
662,0.6626626626626626,0.3388267057231052,0.45796397326407373,0.4001312033212497
663,0.6636636636636637,0.33656509530935785,0.45683887315305466,0.3970517117637083
664,0.6646646646646647,0.3327945756280543,0.45338035583312447,0.3939671784625691
665,0.6656656656656657,0.3320233495978667,0.45111514670362146,0.39091494171979735
666,0.6666666666666666,0.3297663886413576,0.4462493742956291,0.38788775953227767
667,0.6676676676676676,0.32722632534188384,0.4409793376917536,0.3848706954208873
668,0.6686686686686687,0.32341123287501017,0.4386776339827973,0.3818297299138008
669,0.6696696696696697,0.3195786984884969,0.4363691240367422,0.37875610681541394
670,0.6706706706706707,0.3157319354937726,0.43526029048862425,0.37569380242573297
671,0.6716716716716716,0.3140740328599275,0.4334918815850418,0.3726093468447955
672,0.6726726726726726,0.31174068078169,0.4314038872765945,0.36951179229417824
673,0.6736736736736737,0.31068422860326317,0.42984840013769376,0.36622014508646195
674,0.6746746746746747,0.30744281371019205,0.42534152883494475,0.36291928404196294
675,0.6756756756756757,0.30431218579334174,0.41940893757676223,0.35961857414262804
676,0.6766766766766766,0.301951715617505,0.4182247167199403,0.3564193237925845
677,0.6776776776776777,0.29488472586985326,0.41667502126291023,0.3531613841483862
678,0.6786786786786787,0.29222338974524315,0.4129463850927225,0.34987150335982153
679,0.6796796796796797,0.28903442286514053,0.41175243152548413,0.3466058710693232
680,0.6806806806806807,0.28397150752409284,0.4040897359265484,0.3433164499088589
681,0.6816816816816816,0.28155139978609217,0.3975261514710787,0.3400167226175237
682,0.6826826826826827,0.2776458561788501,0.39508522874146695,0.33660788991897045
683,0.6836836836836837,0.275132165576662,0.39241651569394903,0.3331282104966784
684,0.6846846846846847,0.2699212851072874,0.38898032243473224,0.32969190142698335
685,0.6856856856856857,0.2658289007695932,0.38167783131942495,0.3263372948570651
686,0.6866866866866866,0.26089651994012514,0.3767522625251243,0.32299337493107394
687,0.6876876876876877,0.2579977303517821,0.3762020093525615,0.3195925758774252
688,0.6886886886886887,0.2555023976789259,0.3737020926462272,0.3162272851467528
689,0.6896896896896897,0.2532588599259054,0.37202377971012324,0.3127778312136868
690,0.6906906906906907,0.25268469712028524,0.3706569754101615,0.3093026989845573
691,0.6916916916916916,0.24767442690605027,0.3693938581290668,0.3057468102912933
692,0.6926926926926927,0.2459840056216295,0.368330639254721,0.302220296907798
693,0.6936936936936937,0.23798889384041672,0.3673174075639032,0.29867737493201735
694,0.6946946946946947,0.2345884201760789,0.3657570014161473,0.2951078961502889
695,0.6956956956956957,0.23169095405556583,0.36379845243301373,0.29157492493924386
696,0.6966966966966966,0.22817436074686337,0.36277957182140236,0.28802567070056456
697,0.6976976976976977,0.2221643301077017,0.3617594470045795,0.2844580174776871
698,0.6986986986986987,0.21221566402066275,0.3505029062513751,0.28086981435364405
699,0.6996996996996997,0.20871488540884922,0.3479117085031453,0.27722263015453846
700,0.7007007007007007,0.20563770328827508,0.34151611271187876,0.2735309502401354
701,0.7017017017017017,0.2047409190273355,0.3402073601869047,0.2698661126518662
702,0.7027027027027027,0.1993920166439476,0.3363503626865885,0.2661971533445266
703,0.7037037037037037,0.1957204299978939,0.33529698976422817,0.2625505280215863
704,0.7047047047047047,0.19526718052089898,0.33424231117937475,0.258951627683089
705,0.7057057057057057,0.19320033008416992,0.33090078680102086,0.25538076258716846
706,0.7067067067067067,0.1896246105557561,0.32565102118814265,0.25186068627052083
707,0.7077077077077077,0.184968216873911,0.31724099058479627,0.24826881994900107
708,0.7087087087087087,0.1810837187527163,0.30844189051441456,0.24469224348046018
709,0.7097097097097097,0.1774598319991507,0.30304967024046153,0.2411035748405542
710,0.7107107107107107,0.17517907367573787,0.30146783332213895,0.2375826012438559
711,0.7117117117117117,0.17243915740820484,0.29937134489370604,0.2341135696331298
712,0.7127127127127127,0.16849121153493926,0.29305070420202417,0.2306949630360476
713,0.7137137137137137,0.16647816249912395,0.2870528619594773,0.2272735012692011
714,0.7147147147147147,0.16279578493811533,0.2787638823515626,0.22375485741744447
715,0.7157157157157157,0.1577169477614247,0.27399449632854517,0.22017931656304215
716,0.7167167167167167,0.15546232770975135,0.26497552187881235,0.2165300692620077
717,0.7177177177177178,0.15443874784351028,0.2618726499769558,0.21288995224214236
718,0.7187187187187187,0.15349004376398526,0.2533375777400236,0.20918582906788205
719,0.7197197197197197,0.1511488592799027,0.24685317184159764,0.20544704468647304
720,0.7207207207207207,0.15019676892505832,0.24538799007358927,0.20168784014482533
721,0.7217217217217217,0.14504793800021484,0.24392035563689474,0.1979478751644415
722,0.7227227227227228,0.14121501834799177,0.24245026736347572,0.19419435553572242
723,0.7237237237237237,0.1370233078418644,0.24012454156402618,0.19044000889973142
724,0.7247247247247247,0.1351125455695827,0.23340729486260922,0.18682753867964275
725,0.7257257257257257,0.12892894716870082,0.22730404410732086,0.18321435835022118
726,0.7267267267267267,0.12610173663686147,0.22380595272978338,0.1796558122005586
727,0.7277277277277278,0.1254498040626371,0.22049277892617378,0.1760401743769581
728,0.7287287287287287,0.12384191066914951,0.21576205352370317,0.17247932979483988
729,0.7297297297297297,0.12318840521439439,0.2148935350968388,0.16895128491088066
730,0.7307307307307307,0.12253444389076384,0.2140241707159663,0.16542449044945173
731,0.7317317317317317,0.1158595000080664,0.21315395914451973,0.16193158490505627
732,0.7327327327327328,0.10965033014043206,0.2030568563217235,0.1585074097634186
733,0.7337337337337337,0.10898689897431026,0.19893338615483522,0.15517271004132127
734,0.7347347347347347,0.10456872426587632,0.19693575573432462,0.1518480952931282
735,0.7357357357357357,0.10406851642950887,0.19569378424928793,0.1485368774629348
736,0.7367367367367368,0.09955415437348812,0.19411135342146635,0.1452062830279118
737,0.7377377377377378,0.09691695632607873,0.1920339532367857,0.14185084490500213
738,0.7387387387387387,0.09624418980388258,0.1889664496821189,0.1385614227266121
739,0.7397397397397397,0.09475143490146795,0.17555138254450767,0.13528918551934618
740,0.7407407407407407,0.0902774440931413,0.1703000283938544,0.13209774352058518
741,0.7417417417417418,0.0872892286192793,0.1638292192056513,0.12889445702948685
742,0.7427427427427428,0.08660963658983294,0.15916671241901828,0.12573222185318153
743,0.7437437437437437,0.08373894831653711,0.15275513278526234,0.12257434874804779
744,0.7447447447447447,0.07925266652908432,0.14469762797152017,0.11948572825863087
745,0.7457457457457457,0.07856735064853164,0.1383392076956268,0.11645987210830805
746,0.7467467467467468,0.07788154555684733,0.13613143293258445,0.11344423935291191
747,0.7477477477477478,0.07417651496102588,0.1339184154778924,0.11046166739117519
748,0.7487487487487487,0.07348757133833797,0.1274928489028585,0.10750368099247085
749,0.7497497497497497,0.07102818645734096,0.12321842136564963,0.10450664972122958
750,0.7507507507507507,0.07068264914828265,0.11739955116271326,0.10155591097815836
751,0.7517517517517518,0.07033698802463831,0.11384512070993195,0.09869460065207471
752,0.7527527527527528,0.06639534039735376,0.10975788080963607,0.09587428769173273
753,0.7537537537537538,0.06394329258980341,0.1085929393646761,0.0930741733528858
754,0.7547547547547547,0.0632470065300896,0.10790983506819227,0.09031949387489295
755,0.7557557557557557,0.06255021946366758,0.1072262371708543,0.08756231326168737
756,0.7567567567567568,0.06128260621938709,0.10654214513746602,0.08480261268653941
757,0.7577577577577578,0.06015220886479709,0.10585755843205737,0.08209877982189628
758,0.7587587587587588,0.0584102179151521,0.10365961788963234,0.0795279665407564
759,0.7597597597597597,0.05462966833687962,0.09578523661455912,0.07698633817034263
760,0.7607607607607607,0.05392666581852455,0.08883861774136122,0.07449583909155366
761,0.7617617617617618,0.05322315502553199,0.08370311959999664,0.07200990124320522
762,0.7627627627627628,0.04838791018906586,0.08116790357606084,0.06956747995580952
763,0.7637637637637638,0.04661156989663246,0.07940928364454093,0.06714199577804254
764,0.7647647647647647,0.04247050383360533,0.07729232548387603,0.06473325235700494
765,0.7657657657657657,0.0417586842786512,0.0742738991374022,0.0624621640865669
766,0.7667667667667668,0.038958526551769235,0.06601769544617583,0.0602817181989044
767,0.7677677677677678,0.037197808074658285,0.06069205353075988,0.058189302469280044
768,0.7687687687687688,0.036482148016918126,0.05772619307990697,0.0561445536376364
769,0.7697697697697697,0.03471697790442944,0.057071353679052424,0.05417465275682036
770,0.7707707707707707,0.0329486312187113,0.05641607256986263,0.05232036957674285
771,0.7717717717717718,0.032229868642972316,0.055760349305268964,0.05052777916674664
772,0.7727727727727728,0.029641770102362873,0.05510418343759942,0.04873514467976883
773,0.7737737737737738,0.027503098525048432,0.05444757451857733,0.04699315174113571
774,0.7747747747747747,0.02549022767188182,0.045960432067400005,0.04531213562622492
775,0.7757757757757757,0.024766003142762928,0.04277848549616477,0.04368692455395574
776,0.7767767767767768,0.024041247146414233,0.04033809086907463,0.042114433040083825
777,0.7777777777777778,0.023441789405838957,0.03879397800592459,0.040565344648660434
778,0.7787787787787788,0.02300641638830195,0.03732450403812209,0.03907092507983633
779,0.7797797797797797,0.022570851530803588,0.03605580590677803,0.03759946868200365
780,0.7807807807807807,0.02184604457454025,0.03500347318972256,0.03612637172074831
781,0.7817817817817818,0.021119143808407584,0.03395001213323148,0.03465006003031388
782,0.7827827827827828,0.020422576876108607,0.032799930082879875,0.03317867995843003
783,0.7837837837837838,0.02014965929517997,0.030334572490706348,0.03172183415093791
784,0.7847847847847848,0.019876666451444855,0.02879752489549659,0.03030048399350191
785,0.7857857857857857,0.019603598313766,0.027869975649958672,0.028990266220569338
786,0.7867867867867868,0.01925508707029899,0.026941553076955938,0.027751912577996588
787,0.7877877877877878,0.018526280538098988,0.026012255942494664,0.02656767144881049
788,0.7887887887887888,0.017123083917582767,0.024428439513051573,0.025452556552998894
789,0.7897897897897898,0.016954583217048895,0.02256422732311748,0.024368746330003833
790,0.7907907907907907,0.016786053876412566,0.02186575998488183,0.023342551289583197
791,0.7917917917917918,0.016617495888371192,0.021554496057050027,0.022349188515376855
792,0.7927927927927928,0.016448909245619762,0.021243134157626326,0.02146048189310974
793,0.7937937937937938,0.016280293940850718,0.020931674240347965,0.020637509067638726
794,0.7947947947947948,0.014944074999640945,0.020620116258923096,0.019846217662699568
795,0.7957957957957957,0.014504949965667348,0.020308460167030716,0.019074218863375958
796,0.7967967967967968,0.014065630606224453,0.019996705918320607,0.018321546975355305
797,0.7977977977977978,0.011479407351282046,0.01968485346641345,0.017578544875456265
798,0.7987987987987988,0.011038747933440311,0.019372902764900612,0.016864044606181468
799,0.7997997997997998,0.01045592275295166,0.019060853767344232,0.016173643784109185
800,0.8008008008008007,0.009726372024255865,0.01874870642727719,0.015582878424874732
801,0.8018018018018018,0.009284935226708944,0.01840313066935152,0.015027102435994418
802,0.8028028028028028,0.008843302566971188,0.017331790242413807,0.014499262208589722
803,0.8038038038038038,0.00746313442777003,0.016259290759161358,0.013990239773920787
804,0.8048048048048048,0.007262049037901211,0.015185630337645249,0.013497694446706437
805,0.8058058058058059,0.0070609230571496255,0.01384002849308732,0.013019659459480113
806,0.8068068068068068,0.006859756473223631,0.012332907736985867,0.012556849031796572
807,0.8078078078078078,0.006658549273826555,0.011085434750873651,0.012109294495563791
808,0.8088088088088088,0.006460904873731827,0.010950590058926776,0.011677645467061513
809,0.8098098098098098,0.006276392665008395,0.010815727081303754,0.011270643121644207
810,0.8108108108108109,0.006091846298031856,0.010680845814284867,0.010879503160851582
811,0.8118118118118118,0.005907265763315933,0.010545946254149422,0.010498296260045233
812,0.8128128128128128,0.005722651051370774,0.01041102839717568,0.010127770446467432
813,0.8138138138138138,0.0055380021527030344,0.010276092239640905,0.009771662506325532
814,0.8148148148148148,0.005331073017855761,0.010141137777821352,0.009443000789852427
815,0.8158158158158159,0.005084770186584056,0.01000616500799225,0.009122648120759712
816,0.8168168168168168,0.0048384065205786,0.009871173926427853,0.00880982987118496
817,0.8178178178178178,0.004591981997298076,0.00973616452940138,0.008500750114694346
818,0.8188188188188188,0.004345496594190058,0.009601136813185033,0.00819540999728403
819,0.8198198198198198,0.004030527018980628,0.009466090774050013,0.007893810665461222
820,0.8208208208208209,0.00371342764420754,0.009331026408266493,0.007607400079647548
821,0.8218218218218218,0.003396227498363522,0.009195943712103674,0.00732738406792347
822,0.8228228228228228,0.0031431610767096926,0.009060842681829705,0.0070537654022675995
823,0.8238238238238238,0.002941202760220868,0.008925723313711732,0.006807593027354287
824,0.8248248248248248,0.0027392035882371894,0.008790585604015895,0.006567832871312424
825,0.8258258258258259,0.0025371635483599857,0.008655429549007292,0.006335879584278169
826,0.8268268268268268,0.002335082628185634,0.008520255144950068,0.006113172520609068
827,0.8278278278278278,0.002154572432102482,0.008385062388107297,0.005897214667942537
828,0.8288288288288288,0.0020656278007911543,0.008249851274741055,0.005695123190808612
829,0.8298298298298298,0.0019766752494480254,0.008114621801112406,0.005516110685140554
830,0.8308308308308309,0.0018877147770151833,0.007979373963481385,0.0053486288022805166
831,0.8318318318318318,0.0017987463824345599,0.00784410775810705,0.005195343936938757
832,0.8328328328328328,0.0017097700646478682,0.0077088231812474034,0.005057839910289713
833,0.8338338338338338,0.001620785822596643,0.007573520229159443,0.004933571458501122
834,0.8348348348348348,0.0015317936552222294,0.007438198898099149,0.0048115954359721205
835,0.8358358358358359,0.001442793561465775,0.007335121784628141,0.0046917831793207194
836,0.8368368368368369,0.0013537855402682689,0.007236684541208656,0.00457413510704626
837,0.8378378378378378,0.0012647695905704801,0.007138237571748732,0.004458651637763365
838,0.8388388388388388,0.0011757457113130004,0.007039780874806833,0.004345333190201979
839,0.8398398398398398,0.0010867139014362325,0.006941314448941135,0.004234180183207412
840,0.8408408408408409,0.0,0.006842838292709525,0.00412541113417136
841,0.8418418418418419,0.0,0.006744352404669636,0.004019412143451399
842,0.8428428428428428,0.0,0.006645856783378777,0.0039161838912147705
843,0.8438438438438438,0.0,0.006547351427393989,0.0038157270578720254
844,0.8448448448448448,0.0,0.006448836335272026,0.0037180423240771466
845,0.8458458458458459,0.0,0.006350311505569344,0.0036238011870973683
846,0.8468468468468469,0.0,0.006251776936842153,0.0035330246111581758
847,0.8478478478478478,0.0,0.006153232627646334,0.003409571952232027
848,0.8488488488488488,0.0,0.006054678576537501,0.003289924856560072
849,0.8498498498498498,0.0,0.005956114782070982,0.0031735824440705367
850,0.8508508508508509,0.0,0.005857541242801806,0.003060545295126879
851,0.8518518518518519,0.0,0.005758957957284751,0.0029508139902507296
852,0.8528528528528528,0.0,0.005660364924074273,0.002844389110121948
853,0.8538538538538538,0.0,0.005561762141724558,0.0027410593569826367
854,0.8548548548548548,0.0,0.005463149608789504,0.002639927209183301
855,0.8558558558558559,0.0,0.00536452732382271,0.002540992924373885
856,0.8568568568568569,0.0,0.005265895285377522,0.0024442567602513694
857,0.8578578578578578,0.0,0.0051672534920069735,0.002349718974559785
858,0.8588588588588588,0.0,0.005068601942263812,0.002257379825090224
859,0.8598598598598598,0.0,0.0049699406347005065,0.0021672395696808503
860,0.8608608608608609,0.0,0.0048712695678692275,0.002079298466216915
861,0.8618618618618619,0.0,0.00477258874032189,0.0019932404726277593
862,0.8628628628628628,0.0,0.00467389815061009,0.0019090201777113187
863,0.8638638638638638,0.0,0.004575197797285149,0.0018266377545513267
864,0.8648648648648649,0.0,0.00447648767889809,0.0017460933762560341
865,0.8658658658658659,0.0,0.004377767793999684,0.0016673872159582168
866,0.8668668668668669,0.0,0.004279038141140379,0.0016003005660296921
867,0.8678678678678678,0.0,0.004180298718870347,0.0015341794640231269
868,0.8688688688688688,0.0,0.004081549525739479,0.0014690240053625507
869,0.8698698698698699,0.0,0.003982790560297361,0.001404834285486139
870,0.8708708708708709,0.0,0.00388402182109333,0.0013416103998462174
871,0.8718718718718719,0.0,0.003785243306676399,0.0012793524439092627
872,0.8728728728728729,0.0,0.0,0.0012180605131559084
873,0.8738738738738738,0.0,0.0,0.0011577347030809443
874,0.8748748748748749,0.0,0.0,0.0010983751091933219
875,0.8758758758758759,0.0,0.0,0.0010399818270161554
876,0.8768768768768769,0.0,0.0,0.000982554952086726
877,0.8778778778778779,0.0,0.0,0.0009260945799564831
878,0.8788788788788788,0.0,0.0,0.000870600806191049
879,0.8798798798798799,0.0,0.0,0.0008160737263702201
880,0.8808808808808809,0.0,0.0,0.00076251343608797
881,0.8818818818818819,0.0,0.0,0.0007099200309524532
882,0.8828828828828829,0.0,0.0,0.000658293606586007
883,0.8838838838838838,0.0,0.0,0.0006076342586251543
884,0.8848848848848849,0.0,0.0,0.0005579420827206071
885,0.8858858858858859,0.0,0.0,0.0005092171745372689
886,0.8868868868868869,0.0,0.0,0.0004614596297542372
887,0.8878878878878879,0.0,0.0,0.00041466954406480693
888,0.8888888888888888,0.0,0.0,0.0003688470131764727
889,0.8898898898898899,0.0,0.0,0.000323992132810932
890,0.8908908908908909,0.0,0.0,0.000280104998704088
891,0.8918918918918919,0.0,0.0,0.00023718570660605188
892,0.8928928928928929,0.0,0.0,0.00019523435228114622
893,0.8938938938938938,0.0,0.0,0.00015425103150790755
894,0.8948948948948949,0.0,0.0,0.00011423584007908912
895,0.8958958958958959,0.0,0.0,7.518887380166401e-05
896,0.8968968968968969,0.0,0.0,3.711022849682744e-05
897,0.8978978978978979,0.0,0.0,0.0
898,0.8988988988988988,0.0,0.0,0.0
899,0.8998998998998999,0.0,0.0,0.0
900,0.9009009009009009,0.0,0.0,0.0
901,0.9019019019019019,0.0,0.0,0.0
902,0.9029029029029029,0.0,0.0,0.0
903,0.9039039039039038,0.0,0.0,0.0
904,0.9049049049049049,0.0,0.0,0.0
905,0.9059059059059059,0.0,0.0,0.0
906,0.9069069069069069,0.0,0.0,0.0
907,0.9079079079079079,0.0,0.0,0.0
908,0.9089089089089089,0.0,0.0,0.0
909,0.9099099099099099,0.0,0.0,0.0
910,0.9109109109109109,0.0,0.0,0.0
911,0.9119119119119119,0.0,0.0,0.0
912,0.9129129129129129,0.0,0.0,0.0
913,0.9139139139139139,0.0,0.0,0.0
914,0.914914914914915,0.0,0.0,0.0
915,0.9159159159159159,0.0,0.0,0.0
916,0.9169169169169169,0.0,0.0,0.0
917,0.9179179179179179,0.0,0.0,0.0
918,0.9189189189189189,0.0,0.0,0.0
919,0.91991991991992,0.0,0.0,0.0
920,0.9209209209209209,0.0,0.0,0.0
921,0.9219219219219219,0.0,0.0,0.0
922,0.9229229229229229,0.0,0.0,0.0
923,0.9239239239239239,0.0,0.0,0.0
924,0.924924924924925,0.0,0.0,0.0
925,0.9259259259259259,0.0,0.0,0.0
926,0.9269269269269269,0.0,0.0,0.0
927,0.9279279279279279,0.0,0.0,0.0
928,0.9289289289289289,0.0,0.0,0.0
929,0.92992992992993,0.0,0.0,0.0
930,0.9309309309309309,0.0,0.0,0.0
931,0.9319319319319319,0.0,0.0,0.0
932,0.9329329329329329,0.0,0.0,0.0
933,0.933933933933934,0.0,0.0,0.0
934,0.934934934934935,0.0,0.0,0.0
935,0.9359359359359359,0.0,0.0,0.0
936,0.9369369369369369,0.0,0.0,0.0
937,0.9379379379379379,0.0,0.0,0.0
938,0.938938938938939,0.0,0.0,0.0
939,0.93993993993994,0.0,0.0,0.0
940,0.9409409409409409,0.0,0.0,0.0
941,0.9419419419419419,0.0,0.0,0.0
942,0.9429429429429429,0.0,0.0,0.0
943,0.943943943943944,0.0,0.0,0.0
944,0.944944944944945,0.0,0.0,0.0
945,0.9459459459459459,0.0,0.0,0.0
946,0.9469469469469469,0.0,0.0,0.0
947,0.9479479479479479,0.0,0.0,0.0
948,0.948948948948949,0.0,0.0,0.0
949,0.94994994994995,0.0,0.0,0.0
950,0.950950950950951,0.0,0.0,0.0
951,0.9519519519519519,0.0,0.0,0.0
952,0.9529529529529529,0.0,0.0,0.0
953,0.953953953953954,0.0,0.0,0.0
954,0.954954954954955,0.0,0.0,0.0
955,0.955955955955956,0.0,0.0,0.0
956,0.9569569569569569,0.0,0.0,0.0
957,0.9579579579579579,0.0,0.0,0.0
958,0.958958958958959,0.0,0.0,0.0
959,0.95995995995996,0.0,0.0,0.0
960,0.960960960960961,0.0,0.0,0.0
961,0.9619619619619619,0.0,0.0,0.0
962,0.9629629629629629,0.0,0.0,0.0
963,0.963963963963964,0.0,0.0,0.0
964,0.964964964964965,0.0,0.0,0.0
965,0.965965965965966,0.0,0.0,0.0
966,0.9669669669669669,0.0,0.0,0.0
967,0.9679679679679679,0.0,0.0,0.0
968,0.968968968968969,0.0,0.0,0.0
969,0.96996996996997,0.0,0.0,0.0
970,0.970970970970971,0.0,0.0,0.0
971,0.9719719719719719,0.0,0.0,0.0
972,0.9729729729729729,0.0,0.0,0.0
973,0.973973973973974,0.0,0.0,0.0
974,0.974974974974975,0.0,0.0,0.0
975,0.975975975975976,0.0,0.0,0.0
976,0.9769769769769769,0.0,0.0,0.0
977,0.9779779779779779,0.0,0.0,0.0
978,0.978978978978979,0.0,0.0,0.0
979,0.97997997997998,0.0,0.0,0.0
980,0.980980980980981,0.0,0.0,0.0
981,0.9819819819819819,0.0,0.0,0.0
982,0.9829829829829829,0.0,0.0,0.0
983,0.983983983983984,0.0,0.0,0.0
984,0.984984984984985,0.0,0.0,0.0
985,0.985985985985986,0.0,0.0,0.0
986,0.986986986986987,0.0,0.0,0.0
987,0.9879879879879879,0.0,0.0,0.0
988,0.988988988988989,0.0,0.0,0.0
989,0.98998998998999,0.0,0.0,0.0
990,0.990990990990991,0.0,0.0,0.0
991,0.991991991991992,0.0,0.0,0.0
992,0.992992992992993,0.0,0.0,0.0
993,0.993993993993994,0.0,0.0,0.0
994,0.994994994994995,0.0,0.0,0.0
995,0.995995995995996,0.0,0.0,0.0
996,0.996996996996997,0.0,0.0,0.0
997,0.997997997997998,0.0,0.0,0.0
998,0.998998998998999,0.0,0.0,0.0
999,1.0,0.0,0.0,0.0
