,px,all
0,0.0,1.0
1,0.001001001001001001,1.0
2,0.002002002002002002,1.0
3,0.003003003003003003,1.0
4,0.004004004004004004,1.0
5,0.005005005005005005,1.0
6,0.006006006006006006,1.0
7,0.007007007007007007,1.0
8,0.008008008008008008,1.0
9,0.009009009009009009,1.0
10,0.01001001001001001,1.0
11,0.011011011011011011,1.0
12,0.012012012012012012,1.0
13,0.013013013013013013,1.0
14,0.014014014014014014,1.0
15,0.015015015015015015,1.0
16,0.016016016016016016,1.0
17,0.017017017017017015,1.0
18,0.018018018018018018,1.0
19,0.01901901901901902,1.0
20,0.02002002002002002,1.0
21,0.02102102102102102,1.0
22,0.022022022022022022,1.0
23,0.023023023023023025,1.0
24,0.024024024024024024,1.0
25,0.025025025025025023,1.0
26,0.026026026026026026,1.0
27,0.02702702702702703,1.0
28,0.028028028028028028,1.0
29,0.029029029029029027,1.0
30,0.03003003003003003,1.0
31,0.031031031031031032,1.0
32,0.03203203203203203,1.0
33,0.03303303303303303,1.0
34,0.03403403403403403,1.0
35,0.035035035035035036,1.0
36,0.036036036036036036,1.0
37,0.037037037037037035,1.0
38,0.03803803803803804,1.0
39,0.03903903903903904,1.0
40,0.04004004004004004,1.0
41,0.04104104104104104,1.0
42,0.04204204204204204,1.0
43,0.043043043043043044,1.0
44,0.044044044044044044,1.0
45,0.04504504504504504,1.0
46,0.04604604604604605,1.0
47,0.04704704704704705,1.0
48,0.04804804804804805,1.0
49,0.04904904904904905,1.0
50,0.050050050050050046,1.0
51,0.05105105105105105,1.0
52,0.05205205205205205,1.0
53,0.05305305305305305,1.0
54,0.05405405405405406,1.0
55,0.055055055055055056,0.9981343283582089
56,0.056056056056056056,0.9981343283582089
57,0.057057057057057055,0.9981343283582089
58,0.058058058058058054,0.9981343283582089
59,0.05905905905905906,0.9981343283582089
60,0.06006006006006006,0.9981343283582089
61,0.06106106106106106,0.9981343283582089
62,0.062062062062062065,0.9981343283582089
63,0.06306306306306306,0.9981343283582089
64,0.06406406406406406,0.9981343283582089
65,0.06506506506506507,0.9981343283582089
66,0.06606606606606606,0.9981343283582089
67,0.06706706706706707,0.9981343283582089
68,0.06806806806806806,0.9981343283582089
69,0.06906906906906907,0.9981343283582089
70,0.07007007007007007,0.9981343283582089
71,0.07107107107107107,0.9981343283582089
72,0.07207207207207207,0.9981343283582089
73,0.07307307307307308,0.9981343283582089
74,0.07407407407407407,0.9981343283582089
75,0.07507507507507508,0.9981343283582089
76,0.07607607607607608,0.9981343283582089
77,0.07707707707707707,0.9981343283582089
78,0.07807807807807808,0.9981343283582089
79,0.07907907907907907,0.9981343283582089
80,0.08008008008008008,0.9981343283582089
81,0.08108108108108109,0.9981343283582089
82,0.08208208208208208,0.9981343283582089
83,0.08308308308308308,0.9981343283582089
84,0.08408408408408408,0.9981343283582089
85,0.08508508508508508,0.9981343283582089
86,0.08608608608608609,0.9981343283582089
87,0.08708708708708708,0.9981343283582089
88,0.08808808808808809,0.9981343283582089
89,0.0890890890890891,0.9981343283582089
90,0.09009009009009009,0.9981343283582089
91,0.09109109109109109,0.9981343283582089
92,0.0920920920920921,0.9981343283582089
93,0.09309309309309309,0.9981343283582089
94,0.0940940940940941,0.9981343283582089
95,0.09509509509509509,0.9981343283582089
96,0.0960960960960961,0.9981343283582089
97,0.0970970970970971,0.9981343283582089
98,0.0980980980980981,0.9981343283582089
99,0.0990990990990991,0.9981343283582089
100,0.10010010010010009,0.9981343283582089
101,0.1011011011011011,0.9981343283582089
102,0.1021021021021021,0.9981343283582089
103,0.1031031031031031,0.9981343283582089
104,0.1041041041041041,0.9981343283582089
105,0.10510510510510511,0.9981343283582089
106,0.1061061061061061,0.9981343283582089
107,0.10710710710710711,0.9981343283582089
108,0.10810810810810811,0.9981343283582089
109,0.1091091091091091,0.9981343283582089
110,0.11011011011011011,0.9981343283582089
111,0.1111111111111111,0.9981343283582089
112,0.11211211211211211,0.9981343283582089
113,0.11311311311311312,0.9981343283582089
114,0.11411411411411411,0.9981343283582089
115,0.11511511511511512,0.9981343283582089
116,0.11611611611611611,0.9981343283582089
117,0.11711711711711711,0.9981343283582089
118,0.11811811811811812,0.9981343283582089
119,0.11911911911911911,0.9981343283582089
120,0.12012012012012012,0.9981343283582089
121,0.12112112112112113,0.9981343283582089
122,0.12212212212212212,0.9981343283582089
123,0.12312312312312312,0.9981343283582089
124,0.12412412412412413,0.9981343283582089
125,0.12512512512512514,0.9981343283582089
126,0.12612612612612611,0.9981343283582089
127,0.12712712712712712,0.9981343283582089
128,0.12812812812812813,0.9981343283582089
129,0.12912912912912913,0.9981343283582089
130,0.13013013013013014,0.9981343283582089
131,0.13113113113113112,0.9981343283582089
132,0.13213213213213212,0.9981343283582089
133,0.13313313313313313,0.9929796891829512
134,0.13413413413413414,0.9929796891829512
135,0.13513513513513514,0.9929796891829512
136,0.13613613613613612,0.9929796891829512
137,0.13713713713713713,0.9929796891829512
138,0.13813813813813813,0.9929796891829512
139,0.13913913913913914,0.9929796891829512
140,0.14014014014014015,0.9929796891829512
141,0.14114114114114115,0.9929796891829512
142,0.14214214214214213,0.9929796891829512
143,0.14314314314314314,0.9929796891829512
144,0.14414414414414414,0.9929796891829512
145,0.14514514514514515,0.9915120274914089
146,0.14614614614614616,0.9915120274914089
147,0.14714714714714713,0.9915120274914089
148,0.14814814814814814,0.9915120274914089
149,0.14914914914914915,0.9915120274914089
150,0.15015015015015015,0.9915120274914089
151,0.15115115115115116,0.9915120274914089
152,0.15215215215215216,0.9915120274914089
153,0.15315315315315314,0.9915120274914089
154,0.15415415415415415,0.9915120274914089
155,0.15515515515515516,0.9915120274914089
156,0.15615615615615616,0.9915120274914089
157,0.15715715715715717,0.9915120274914089
158,0.15815815815815815,0.9915120274914089
159,0.15915915915915915,0.9915120274914089
160,0.16016016016016016,0.9915120274914089
161,0.16116116116116116,0.9915120274914089
162,0.16216216216216217,0.99003766851705
163,0.16316316316316315,0.99003766851705
164,0.16416416416416416,0.99003766851705
165,0.16516516516516516,0.99003766851705
166,0.16616616616616617,0.99003766851705
167,0.16716716716716717,0.99003766851705
168,0.16816816816816815,0.9886534103603459
169,0.16916916916916916,0.9886534103603459
170,0.17017017017017017,0.9886534103603459
171,0.17117117117117117,0.9886534103603459
172,0.17217217217217218,0.9886534103603459
173,0.17317317317317318,0.9886534103603459
174,0.17417417417417416,0.9877228537022351
175,0.17517517517517517,0.9877228537022351
176,0.17617617617617617,0.9877228537022351
177,0.17717717717717718,0.9877228537022351
178,0.1781781781781782,0.9877228537022351
179,0.17917917917917917,0.9850034771294613
180,0.18018018018018017,0.9850034771294613
181,0.18118118118118118,0.9850034771294613
182,0.18218218218218218,0.9850034771294613
183,0.1831831831831832,0.9850034771294613
184,0.1841841841841842,0.9850034771294613
185,0.18518518518518517,0.9850034771294613
186,0.18618618618618618,0.9850034771294613
187,0.1871871871871872,0.9850034771294613
188,0.1881881881881882,0.9836514079807821
189,0.1891891891891892,0.9827426062358827
190,0.19019019019019018,0.9827426062358827
191,0.19119119119119118,0.9827426062358827
192,0.1921921921921922,0.9827426062358827
193,0.1931931931931932,0.9827426062358827
194,0.1941941941941942,0.9827426062358827
195,0.19519519519519518,0.9827426062358827
196,0.1961961961961962,0.9827426062358827
197,0.1971971971971972,0.9827426062358827
198,0.1981981981981982,0.9827426062358827
199,0.1991991991991992,0.9817363738623581
200,0.20020020020020018,0.9817363738623581
201,0.2012012012012012,0.9817363738623581
202,0.2022022022022022,0.9817363738623581
203,0.2032032032032032,0.9817363738623581
204,0.2042042042042042,0.9817363738623581
205,0.20520520520520522,0.9810694731954575
206,0.2062062062062062,0.9810694731954575
207,0.2072072072072072,0.9810694731954575
208,0.2082082082082082,0.9810694731954575
209,0.2092092092092092,0.9810694731954575
210,0.21021021021021022,0.9810694731954575
211,0.2112112112112112,0.9810694731954575
212,0.2122122122122122,0.9810694731954575
213,0.2132132132132132,0.9810694731954575
214,0.21421421421421422,0.9810694731954575
215,0.21521521521521522,0.9810694731954575
216,0.21621621621621623,0.9810694731954575
217,0.2172172172172172,0.9800194467217022
218,0.2182182182182182,0.9800194467217022
219,0.21921921921921922,0.9793945027704871
220,0.22022022022022023,0.9793945027704871
221,0.22122122122122123,0.9793945027704871
222,0.2222222222222222,0.9793945027704871
223,0.22322322322322322,0.9793945027704871
224,0.22422422422422422,0.9793945027704871
225,0.22522522522522523,0.9793945027704871
226,0.22622622622622623,0.9793945027704871
227,0.2272272272272272,0.9793945027704871
228,0.22822822822822822,0.9793945027704871
229,0.22922922922922923,0.9787331271091113
230,0.23023023023023023,0.9787331271091113
231,0.23123123123123124,0.9787331271091113
232,0.23223223223223222,0.9787331271091113
233,0.23323323323323322,0.9757375776397516
234,0.23423423423423423,0.9757375776397516
235,0.23523523523523523,0.9757375776397516
236,0.23623623623623624,0.9757375776397516
237,0.23723723723723725,0.9750915578927599
238,0.23823823823823823,0.9750915578927599
239,0.23923923923923923,0.9750915578927599
240,0.24024024024024024,0.9750915578927599
241,0.24124124124124124,0.9750915578927599
242,0.24224224224224225,0.9750915578927599
243,0.24324324324324323,0.9750915578927599
244,0.24424424424424424,0.9750915578927599
245,0.24524524524524524,0.9734071643423572
246,0.24624624624624625,0.9734071643423572
247,0.24724724724724725,0.9734071643423572
248,0.24824824824824826,0.9734071643423572
249,0.24924924924924924,0.9734071643423572
250,0.2502502502502503,0.9734071643423572
251,0.25125125125125125,0.9731304347826086
252,0.25225225225225223,0.9710967741935483
253,0.25325325325325326,0.9710967741935483
254,0.25425425425425424,0.9710967741935483
255,0.2552552552552553,0.9710967741935483
256,0.25625625625625625,0.9710967741935483
257,0.25725725725725723,0.9710967741935483
258,0.25825825825825827,0.9710967741935483
259,0.25925925925925924,0.9710967741935483
260,0.2602602602602603,0.9710967741935483
261,0.26126126126126126,0.9710967741935483
262,0.26226226226226224,0.9710967741935483
263,0.26326326326326327,0.970231694828469
264,0.26426426426426425,0.970231694828469
265,0.2652652652652653,0.9693452949036077
266,0.26626626626626626,0.9685782556750299
267,0.26726726726726724,0.9685782556750299
268,0.2682682682682683,0.9685782556750299
269,0.26926926926926925,0.9672480029270077
270,0.2702702702702703,0.9672480029270077
271,0.27127127127127126,0.9672480029270077
272,0.27227227227227224,0.9672480029270077
273,0.2732732732732733,0.9672480029270077
274,0.27427427427427425,0.9672480029270077
275,0.2752752752752753,0.9672480029270077
276,0.27627627627627627,0.9668015712415189
277,0.2772772772772773,0.9668015712415189
278,0.2782782782782783,0.9668015712415189
279,0.27927927927927926,0.9668015712415189
280,0.2802802802802803,0.9668015712415189
281,0.28128128128128127,0.9659685333117067
282,0.2822822822822823,0.9659685333117067
283,0.2832832832832833,0.9651628188325436
284,0.28428428428428426,0.9648733619321854
285,0.2852852852852853,0.9648733619321854
286,0.2862862862862863,0.9648733619321854
287,0.2872872872872873,0.9648733619321854
288,0.2882882882882883,0.9648733619321854
289,0.28928928928928926,0.9648733619321854
290,0.2902902902902903,0.9648733619321854
291,0.2912912912912913,0.9648733619321854
292,0.2922922922922923,0.9643339117023327
293,0.2932932932932933,0.9643339117023327
294,0.29429429429429427,0.9643339117023327
295,0.2952952952952953,0.9643339117023327
296,0.2962962962962963,0.963849943160288
297,0.2972972972972973,0.963849943160288
298,0.2982982982982983,0.963849943160288
299,0.29929929929929927,0.963849943160288
300,0.3003003003003003,0.963849943160288
301,0.3013013013013013,0.9633045525902668
302,0.3023023023023023,0.9633045525902668
303,0.3033033033033033,0.9633045525902668
304,0.30430430430430433,0.9633045525902668
305,0.3053053053053053,0.9628914491184941
306,0.3063063063063063,0.9628914491184941
307,0.3073073073073073,0.9628914491184941
308,0.3083083083083083,0.9628914491184941
309,0.30930930930930933,0.9628914491184941
310,0.3103103103103103,0.9628914491184941
311,0.3113113113113113,0.9626481010845831
312,0.3123123123123123,0.9626481010845831
313,0.3133133133133133,0.9626481010845831
314,0.31431431431431434,0.9626481010845831
315,0.3153153153153153,0.9626481010845831
316,0.3163163163163163,0.9626481010845831
317,0.3173173173173173,0.9626481010845831
318,0.3183183183183183,0.9621479806367266
319,0.31931931931931934,0.9621479806367266
320,0.3203203203203203,0.9621479806367266
321,0.3213213213213213,0.9621479806367266
322,0.32232232232232233,0.9621204340830509
323,0.3233233233233233,0.9621204340830509
324,0.32432432432432434,0.9621204340830509
325,0.3253253253253253,0.9621204340830509
326,0.3263263263263263,0.9621204340830509
327,0.32732732732732733,0.9621204340830509
328,0.3283283283283283,0.9621204340830509
329,0.32932932932932935,0.9621204340830509
330,0.3303303303303303,0.9579079798705967
331,0.3313313313313313,0.9579079798705967
332,0.33233233233233234,0.9559376107763204
333,0.3333333333333333,0.9559376107763204
334,0.33433433433433435,0.9559376107763204
335,0.3353353353353353,0.9552928722653493
336,0.3363363363363363,0.9552928722653493
337,0.33733733733733734,0.9549836128783498
338,0.3383383383383383,0.9549836128783498
339,0.33933933933933935,0.9549836128783498
340,0.34034034034034033,0.9549836128783498
341,0.34134134134134136,0.9549836128783498
342,0.34234234234234234,0.954356671272839
343,0.3433433433433433,0.9542348703683892
344,0.34434434434434436,0.9542348703683892
345,0.34534534534534533,0.9542348703683892
346,0.34634634634634637,0.9542348703683892
347,0.34734734734734735,0.9542348703683892
348,0.3483483483483483,0.9542348703683892
349,0.34934934934934936,0.9542348703683892
350,0.35035035035035034,0.9510568277537268
351,0.35135135135135137,0.9510568277537268
352,0.35235235235235235,0.9510568277537268
353,0.3533533533533533,0.9510568277537268
354,0.35435435435435436,0.9510568277537268
355,0.35535535535535534,0.9510568277537268
356,0.3563563563563564,0.9510568277537268
357,0.35735735735735735,0.9510568277537268
358,0.35835835835835833,0.9510568277537268
359,0.35935935935935936,0.9510568277537268
360,0.36036036036036034,0.9510568277537268
361,0.3613613613613614,0.9510568277537268
362,0.36236236236236236,0.9510568277537268
363,0.36336336336336333,0.9510568277537268
364,0.36436436436436437,0.9510568277537268
365,0.36536536536536535,0.9510568277537268
366,0.3663663663663664,0.9510568277537268
367,0.36736736736736736,0.9510568277537268
368,0.3683683683683684,0.9510568277537268
369,0.36936936936936937,0.9507910476557977
370,0.37037037037037035,0.9507910476557977
371,0.3713713713713714,0.9507910476557977
372,0.37237237237237236,0.9507910476557977
373,0.3733733733733734,0.9507910476557977
374,0.3743743743743744,0.9507910476557977
375,0.37537537537537535,0.9504948610582413
376,0.3763763763763764,0.9504948610582413
377,0.37737737737737737,0.9504948610582413
378,0.3783783783783784,0.9504948610582413
379,0.3793793793793794,0.9499364965025685
380,0.38038038038038036,0.9490368253478871
381,0.3813813813813814,0.9485224303970655
382,0.38238238238238237,0.9479735682819384
383,0.3833833833833834,0.9475099921229979
384,0.3843843843843844,0.9475099921229979
385,0.38538538538538536,0.9470117764505812
386,0.3863863863863864,0.9470117764505812
387,0.38738738738738737,0.9468854853803839
388,0.3883883883883884,0.9468854853803839
389,0.3893893893893894,0.9468854853803839
390,0.39039039039039036,0.9468854853803839
391,0.3913913913913914,0.9468854853803839
392,0.3923923923923924,0.9468854853803839
393,0.3933933933933934,0.9468854853803839
394,0.3943943943943944,0.9466844568927018
395,0.39539539539539537,0.9466844568927018
396,0.3963963963963964,0.9466844568927018
397,0.3973973973973974,0.9466844568927018
398,0.3983983983983984,0.9466844568927018
399,0.3993993993993994,0.9466844568927018
400,0.40040040040040037,0.9466844568927018
401,0.4014014014014014,0.9466844568927018
402,0.4024024024024024,0.9466844568927018
403,0.4034034034034034,0.9466844568927018
404,0.4044044044044044,0.9453066332916145
405,0.40540540540540543,0.9453066332916145
406,0.4064064064064064,0.9453066332916145
407,0.4074074074074074,0.9440004187275916
408,0.4084084084084084,0.9440004187275916
409,0.4094094094094094,0.9440004187275916
410,0.41041041041041043,0.9440004187275916
411,0.4114114114114114,0.9440004187275916
412,0.4124124124124124,0.9440004187275916
413,0.4134134134134134,0.9424077104928169
414,0.4144144144144144,0.9424077104928169
415,0.41541541541541543,0.9415292392394967
416,0.4164164164164164,0.9415292392394967
417,0.4174174174174174,0.9396170388624432
418,0.4184184184184184,0.9394806803419836
419,0.4194194194194194,0.9379376319059547
420,0.42042042042042044,0.9379376319059547
421,0.4214214214214214,0.9379376319059547
422,0.4224224224224224,0.9379376319059547
423,0.42342342342342343,0.9372158786710666
424,0.4244244244244244,0.9372158786710666
425,0.42542542542542544,0.9372158786710666
426,0.4264264264264264,0.9372158786710666
427,0.4274274274274274,0.9362976050255203
428,0.42842842842842843,0.9353369763205829
429,0.4294294294294294,0.9353369763205829
430,0.43043043043043044,0.9348390446521287
431,0.4314314314314314,0.9339391595772106
432,0.43243243243243246,0.9339391595772106
433,0.43343343343343343,0.9330517153097798
434,0.4344344344344344,0.9330517153097798
435,0.43543543543543545,0.932658002038736
436,0.4364364364364364,0.9316507936507936
437,0.43743743743743746,0.9312665908229047
438,0.43843843843843844,0.9312665908229047
439,0.4394394394394394,0.9308390022675737
440,0.44044044044044045,0.9305085807340598
441,0.44144144144144143,0.9305085807340598
442,0.44244244244244246,0.9285492099041931
443,0.44344344344344344,0.9269083928301806
444,0.4444444444444444,0.9255374765918606
445,0.44544544544544545,0.9254881351478497
446,0.44644644644644643,0.9254881351478497
447,0.44744744744744747,0.9254881351478497
448,0.44844844844844844,0.9254881351478497
449,0.4494494494494494,0.9254881351478497
450,0.45045045045045046,0.9251909426581916
451,0.45145145145145144,0.9251909426581916
452,0.45245245245245247,0.9249470263570047
453,0.45345345345345345,0.9249470263570047
454,0.4544544544544544,0.9233702041694954
455,0.45545545545545546,0.9216675822599028
456,0.45645645645645644,0.9216675822599028
457,0.4574574574574575,0.9216675822599028
458,0.45845845845845845,0.9184564431955038
459,0.45945945945945943,0.9184564431955038
460,0.46046046046046046,0.9180835951099462
461,0.46146146146146144,0.91750436023466
462,0.4624624624624625,0.9161225828621411
463,0.46346346346346345,0.9161225828621411
464,0.46446446446446443,0.9161225828621411
465,0.46546546546546547,0.9158105333561463
466,0.46646646646646645,0.9158105333561463
467,0.4674674674674675,0.9141178738701958
468,0.46846846846846846,0.9141178738701958
469,0.4694694694694695,0.9141178738701958
470,0.47047047047047047,0.9141178738701958
471,0.47147147147147145,0.9141178738701958
472,0.4724724724724725,0.9141178738701958
473,0.47347347347347346,0.9130642314204402
474,0.4744744744744745,0.9126581823410986
475,0.4754754754754755,0.9124682888483939
476,0.47647647647647645,0.9124682888483939
477,0.4774774774774775,0.9124682888483939
478,0.47847847847847846,0.9121204025291656
479,0.4794794794794795,0.9113227963741508
480,0.4804804804804805,0.9109808290888511
481,0.48148148148148145,0.9106409239178348
482,0.4824824824824825,0.9098572256466994
483,0.48348348348348347,0.9086373803033481
484,0.4844844844844845,0.9083085071168487
485,0.4854854854854855,0.907486538127497
486,0.48648648648648646,0.9065217017027357
487,0.4874874874874875,0.9065217017027357
488,0.48848848848848847,0.9065217017027357
489,0.4894894894894895,0.9063185307017544
490,0.4904904904904905,0.9063185307017544
491,0.49149149149149146,0.9056314255025318
492,0.4924924924924925,0.9056314255025318
493,0.4934934934934935,0.9037644384266921
494,0.4944944944944945,0.9037644384266921
495,0.4954954954954955,0.9033978104260025
496,0.4964964964964965,0.9026687806839977
497,0.4974974974974975,0.902004340145686
498,0.4984984984984985,0.9017630581644422
499,0.4994994994994995,0.9013059404363752
500,0.5005005005005005,0.900651460634976
501,0.5015015015015015,0.900651460634976
502,0.5025025025025025,0.9004156126338662
503,0.5035035035035035,0.8996513803072388
504,0.5045045045045045,0.899489772108579
505,0.5055055055055055,0.899489772108579
506,0.5065065065065065,0.899489772108579
507,0.5075075075075075,0.899489772108579
508,0.5085085085085085,0.899489772108579
509,0.5095095095095095,0.899489772108579
510,0.5105105105105106,0.8976520689154677
511,0.5115115115115115,0.8975541366845715
512,0.5125125125125125,0.8975541366845715
513,0.5135135135135135,0.8975541366845715
514,0.5145145145145145,0.8975172716842028
515,0.5155155155155156,0.8975172716842028
516,0.5165165165165165,0.8968472859554435
517,0.5175175175175175,0.8965115727143815
518,0.5185185185185185,0.8959646296558561
519,0.5195195195195195,0.8959646296558561
520,0.5205205205205206,0.8952417102889813
521,0.5215215215215215,0.8949731490448103
522,0.5225225225225225,0.8947060355701496
523,0.5235235235235235,0.8932824503031731
524,0.5245245245245245,0.8926386685268926
525,0.5255255255255256,0.8919368089747224
526,0.5265265265265265,0.8909226794770992
527,0.5275275275275275,0.8899882690599303
528,0.5285285285285285,0.8899882690599303
529,0.5295295295295295,0.8887378750281976
530,0.5305305305305306,0.8887378750281976
531,0.5315315315315315,0.8876840508036417
532,0.5325325325325325,0.8873772791023843
533,0.5335335335335335,0.8858457761187397
534,0.5345345345345345,0.8830830849935518
535,0.5355355355355356,0.8827799446384488
536,0.5365365365365365,0.8821767917736952
537,0.5375375375375375,0.8815777736329502
538,0.5385385385385385,0.8805558623625094
539,0.5395395395395395,0.8800020816986661
540,0.5405405405405406,0.8792451792365357
541,0.5415415415415415,0.8792451792365357
542,0.5425425425425425,0.8792451792365357
543,0.5435435435435435,0.8786630921117893
544,0.5445445445445445,0.8780188362361898
545,0.5455455455455456,0.8768735564401199
546,0.5465465465465466,0.8768735564401199
547,0.5475475475475475,0.8761584214380227
548,0.5485485485485485,0.8761584214380227
549,0.5495495495495496,0.8746058249952202
550,0.5505505505505506,0.8739031339031339
551,0.5515515515515516,0.872646958885491
552,0.5525525525525525,0.872646958885491
553,0.5535535535535535,0.8689745201966863
554,0.5545545545545546,0.8681498228033728
555,0.5555555555555556,0.8681498228033728
556,0.5565565565565566,0.8675342862661773
557,0.5575575575575575,0.8675342862661773
558,0.5585585585585585,0.8675342862661773
559,0.5595595595595596,0.8675342862661773
560,0.5605605605605606,0.8673728016552242
561,0.5615615615615616,0.8673728016552242
562,0.5625625625625625,0.8656373177842566
563,0.5635635635635635,0.8656373177842566
564,0.5645645645645646,0.8654413082072414
565,0.5655655655655656,0.8643262066731454
566,0.5665665665665666,0.8643262066731454
567,0.5675675675675675,0.8631545373735141
568,0.5685685685685685,0.8630548726431907
569,0.5695695695695696,0.8630548726431907
570,0.5705705705705706,0.8630548726431907
571,0.5715715715715716,0.8630548726431907
572,0.5725725725725725,0.8628003850769013
573,0.5735735735735735,0.8616522710552845
574,0.5745745745745746,0.8615398022563062
575,0.5755755755755756,0.8566360517870975
576,0.5765765765765766,0.8566360517870975
577,0.5775775775775776,0.8551904028175215
578,0.5785785785785785,0.8540731814198073
579,0.5795795795795796,0.8526555519232866
580,0.5805805805805806,0.8518693009118541
581,0.5815815815815816,0.8495576634409633
582,0.5825825825825826,0.8495576634409633
583,0.5835835835835835,0.8495576634409633
584,0.5845845845845846,0.8486206495169364
585,0.5855855855855856,0.8486206495169364
586,0.5865865865865866,0.8485308856886639
587,0.5875875875875876,0.8467868988391376
588,0.5885885885885885,0.8466296434185488
589,0.5895895895895896,0.8446827744904668
590,0.5905905905905906,0.8435713993285843
591,0.5915915915915916,0.8422491039426523
592,0.5925925925925926,0.841812865497076
593,0.5935935935935935,0.8407993692382338
594,0.5945945945945946,0.8384407967642953
595,0.5955955955955956,0.8372373304058327
596,0.5965965965965966,0.8363442705405486
597,0.5975975975975976,0.8359271897648713
598,0.5985985985985985,0.8349486423766487
599,0.5995995995995996,0.83433432457466
600,0.6006006006006006,0.8316143774703557
601,0.6016016016016016,0.8284518110206184
602,0.6026026026026026,0.8283307955843167
603,0.6036036036036035,0.8269262715959889
604,0.6046046046046046,0.8222157686235964
605,0.6056056056056056,0.818623948201187
606,0.6066066066066066,0.8184426289192771
607,0.6076076076076076,0.8147223101949155
608,0.6086086086086087,0.8135287033319952
609,0.6096096096096096,0.8119237291758704
610,0.6106106106106106,0.8110868238400069
611,0.6116116116116116,0.8086211043173108
612,0.6126126126126126,0.8068903078740899
613,0.6136136136136137,0.8055164824897877
614,0.6146146146146146,0.8022072429288924
615,0.6156156156156156,0.80148566956334
616,0.6166166166166166,0.8009277005534596
617,0.6176176176176176,0.8007706773229457
618,0.6186186186186187,0.8002175659392154
619,0.6196196196196196,0.7994291887278111
620,0.6206206206206206,0.7992754202296279
621,0.6216216216216216,0.7985795737063679
622,0.6226226226226226,0.7944954380431815
623,0.6236236236236237,0.79442973388764
624,0.6246246246246246,0.793427603135691
625,0.6256256256256256,0.7924343745604725
626,0.6266266266266266,0.7919110278384531
627,0.6276276276276276,0.7903882644059521
628,0.6286286286286287,0.7898756040441328
629,0.6296296296296297,0.7880113310890872
630,0.6306306306306306,0.7869273579104747
631,0.6316316316316316,0.7836105144444547
632,0.6326326326326326,0.7822374613419389
633,0.6336336336336337,0.7822374613419389
634,0.6346346346346347,0.7793604967861423
635,0.6356356356356356,0.7773395721925134
636,0.6366366366366366,0.7773010746948508
637,0.6376376376376376,0.7764967064489854
638,0.6386386386386387,0.7761595022624435
639,0.6396396396396397,0.7758235117682346
640,0.6406406406406406,0.7734782342443223
641,0.6416416416416416,0.7722024016707274
642,0.6426426426426426,0.7686488197779882
643,0.6436436436436437,0.7665975544170511
644,0.6446446446446447,0.764577153002517
645,0.6456456456456456,0.7639654091219583
646,0.6466466466466466,0.7613551471686837
647,0.6476476476476476,0.7607578916021441
648,0.6486486486486487,0.7591850246779824
649,0.6496496496496497,0.7582086392432873
650,0.6506506506506506,0.7568595441799131
651,0.6516516516516516,0.7559034724913207
652,0.6526526526526526,0.7558060082311029
653,0.6536536536536537,0.7553269336690533
654,0.6546546546546547,0.7546686806073208
655,0.6556556556556556,0.7544746838411155
656,0.6566566566566566,0.7544746838411155
657,0.6576576576576576,0.7535444712473738
658,0.6586586586586587,0.7527145250356766
659,0.6596596596596597,0.7481897894961962
660,0.6606606606606606,0.7473078210081221
661,0.6616616616616616,0.7459061940078474
662,0.6626626626626626,0.7445210215401266
663,0.6636636636636637,0.7407623730799754
664,0.6646646646646647,0.740611562173884
665,0.6656656656656657,0.735220052688672
666,0.6666666666666666,0.7350894197984454
667,0.6676676676676676,0.7350349904796222
668,0.6686686686686687,0.7347941356282919
669,0.6696696696696697,0.7328258701244159
670,0.6706706706706707,0.7317957307807414
671,0.6716716716716716,0.7317957307807414
672,0.6726726726726726,0.7297156124376701
673,0.6736736736736737,0.7287823554405699
674,0.6746746746746747,0.7283335103121564
675,0.6756756756756757,0.7266270451796062
676,0.6766766766766766,0.7252546687868874
677,0.6776776776776777,0.724300662854376
678,0.6786786786786787,0.724300662854376
679,0.6796796796796797,0.7214412582543561
680,0.6806806806806807,0.7194254991172673
681,0.6816816816816816,0.7194254991172673
682,0.6826826826826827,0.7185795724725212
683,0.6836836836836837,0.7159889644929538
684,0.6846846846846847,0.715152456324369
685,0.6856856856856857,0.7125929882200736
686,0.6866866866866866,0.7119253239044906
687,0.6876876876876877,0.7061674719033924
688,0.6886886886886887,0.704245988753031
689,0.6896896896896897,0.6980836752823724
690,0.6906906906906907,0.6976299002761399
691,0.6916916916916916,0.6968646240490901
692,0.6926926926926927,0.6923701298701299
693,0.6936936936936937,0.6899414594123777
694,0.6946946946946947,0.6876286832511772
695,0.6956956956956957,0.6866725713664645
696,0.6966966966966966,0.6859778650346363
697,0.6976976976976977,0.6853185579834032
698,0.6986986986986987,0.6827467846463181
699,0.6996996996996997,0.677129154741095
700,0.7007007007007007,0.6722891847363754
701,0.7017017017017017,0.6720171209764184
702,0.7027027027027027,0.6694987729605116
703,0.7037037037037037,0.6676396843735404
704,0.7047047047047047,0.6650383840451433
705,0.7057057057057057,0.663893437639858
706,0.7067067067067067,0.6590081237452244
707,0.7077077077077077,0.6543369364838558
708,0.7087087087087087,0.6535514722887432
709,0.7097097097097097,0.6517964047269054
710,0.7107107107107107,0.6508149942938555
711,0.7117117117117117,0.6438522500995619
712,0.7127127127127127,0.6428019801980198
713,0.7137137137137137,0.6337015718770658
714,0.7147147147147147,0.6314741943123645
715,0.7157157157157157,0.6307733503983735
716,0.7167167167167167,0.6301721533141793
717,0.7177177177177178,0.6286004790937516
718,0.7187187187187187,0.6271418675892622
719,0.7197197197197197,0.620595351136201
720,0.7207207207207207,0.6178036344992595
721,0.7217217217217217,0.6176209599435729
722,0.7227227227227228,0.6137190384663667
723,0.7237237237237237,0.6117776770713591
724,0.7247247247247247,0.608979822844713
725,0.7257257257257257,0.6053934227206568
726,0.7267267267267267,0.5993617356070887
727,0.7277277277277278,0.5980696339649696
728,0.7287287287287287,0.5936610933110757
729,0.7297297297297297,0.5902867943860021
730,0.7307307307307307,0.5879043259201728
731,0.7317317317317317,0.5869831355248238
732,0.7327327327327328,0.580970436708556
733,0.7337337337337337,0.5774876258747226
734,0.7347347347347347,0.5774876258747226
735,0.7357357357357357,0.574517168571692
736,0.7367367367367368,0.5725860717432172
737,0.7377377377377378,0.5709623893805309
738,0.7387387387387387,0.5704408874549853
739,0.7397397397397397,0.5699930097834731
740,0.7407407407407407,0.5662513341041491
741,0.7417417417417418,0.5649142979353894
742,0.7427427427427428,0.5617992458757474
743,0.7437437437437437,0.5582004449595673
744,0.7447447447447447,0.5575889683352526
745,0.7457457457457457,0.5559722222222222
746,0.7467467467467468,0.5473021372876283
747,0.7477477477477478,0.5470826391456047
748,0.7487487487487487,0.5435189740073243
749,0.7497497497497497,0.5431029872695673
750,0.7507507507507507,0.5389185977421271
751,0.7517517517517518,0.5387471660129644
752,0.7527527527527528,0.5323051597696237
753,0.7537537537537538,0.532279819035136
754,0.7547547547547547,0.5292469971427779
755,0.7557557557557557,0.5283467517510071
756,0.7567567567567568,0.5276136290905101
757,0.7577577577577578,0.5268643908632558
758,0.7587587587587588,0.5247378969985749
759,0.7597597597597597,0.5246643879813305
760,0.7607607607607607,0.5181682403433476
761,0.7617617617617618,0.5174330843116329
762,0.7627627627627628,0.5165575178997613
763,0.7637637637637638,0.5159860612460402
764,0.7647647647647647,0.5155657022619674
765,0.7657657657657657,0.5151968545216252
766,0.7667667667667668,0.5151826086956521
767,0.7677677677677678,0.5138588418592573
768,0.7687687687687688,0.5131693102557479
769,0.7697697697697697,0.5094689201755918
770,0.7707707707707707,0.508741389373007
771,0.7717717717717718,0.5047526154671548
772,0.7727727727727728,0.5029361728693724
773,0.7737737737737738,0.5001840365685636
774,0.7747747747747747,0.49871013084259685
775,0.7757757757757757,0.4977367790363788
776,0.7767767767767768,0.49293473485347744
777,0.7777777777777778,0.4926496782181109
778,0.7787787787787788,0.49216883727155547
779,0.7797797797797797,0.48996913580246915
780,0.7807807807807807,0.48708239752947785
781,0.7817817817817818,0.48693481421789325
782,0.7827827827827828,0.46031277861253794
783,0.7837837837837838,0.4571947497014454
784,0.7847847847847848,0.45276784166363937
785,0.7857857857857857,0.45084103694224686
786,0.7867867867867868,0.4476325451007318
787,0.7877877877877878,0.44203935795700144
788,0.7887887887887888,0.44166197976062527
789,0.7897897897897898,0.4345396561286744
790,0.7907907907907907,0.4344840693897297
791,0.7917917917917918,0.43326994135440966
792,0.7927927927927928,0.43237667182736444
793,0.7937937937937938,0.4308426573680617
794,0.7947947947947948,0.42954392464709956
795,0.7957957957957957,0.4283431228843497
796,0.7967967967967968,0.427201341650732
797,0.7977977977977978,0.42560326158441414
798,0.7987987987987988,0.42454046278680324
799,0.7997997997997998,0.42177124652135045
800,0.8008008008008007,0.41758403383323917
801,0.8018018018018018,0.41758403383323917
802,0.8028028028028028,0.41655885658978253
803,0.8038038038038038,0.41590631903534614
804,0.8048048048048048,0.41216818571043157
805,0.8058058058058059,0.4111310934744473
806,0.8068068068068068,0.4099410590320923
807,0.8078078078078078,0.40982761328506007
808,0.8088088088088088,0.40835571903696566
809,0.8098098098098098,0.4078175673114926
810,0.8108108108108109,0.3877849894488322
811,0.8118118118118118,0.38460765869644375
812,0.8128128128128128,0.3831639860899804
813,0.8138138138138138,0.3768997328063116
814,0.8148148148148148,0.37578654595992966
815,0.8158158158158159,0.3698971029853383
816,0.8168168168168168,0.36955889084003396
817,0.8178178178178178,0.365195153402211
818,0.8188188188188188,0.3640012595535582
819,0.8198198198198198,0.35954873766275086
820,0.8208208208208209,0.359501605455365
821,0.8218218218218218,0.34855514245085845
822,0.8228228228228228,0.3479109963758482
823,0.8238238238238238,0.3405911457690694
824,0.8248248248248248,0.3404310201620594
825,0.8258258258258259,0.3279157598404898
826,0.8268268268268268,0.327277556531155
827,0.8278278278278278,0.32509814685431015
828,0.8288288288288288,0.3244505603392753
829,0.8298298298298298,0.32418381301399257
830,0.8308308308308309,0.31873555469953774
831,0.8318318318318318,0.3161100635172688
832,0.8328328328328328,0.3129840561636317
833,0.8338338338338338,0.31256473018052194
834,0.8348348348348348,0.30662593243980835
835,0.8358358358358359,0.30640597029367656
836,0.8368368368368369,0.305350653325753
837,0.8378378378378378,0.30169903429554573
838,0.8388388388388388,0.2946732932756573
839,0.8398398398398398,0.29391393086677087
840,0.8408408408408409,0.2936598152185197
841,0.8418418418418419,0.29343890138963286
842,0.8428428428428428,0.29167533064757833
843,0.8438438438438438,0.2866131017410626
844,0.8448448448448448,0.28625901455109526
845,0.8458458458458459,0.28435128589175346
846,0.8468468468468469,0.28413430231556563
847,0.8478478478478478,0.28099589565344946
848,0.8488488488488488,0.28074491957540837
849,0.8498498498498498,0.27923587841396236
850,0.8508508508508509,0.27651534988949755
851,0.8518518518518519,0.27502718263302356
852,0.8528528528528528,0.2745339007578573
853,0.8538538538538538,0.2725591040089974
854,0.8548548548548548,0.26523131607713657
855,0.8558558558558559,0.2642872891835607
856,0.8568568568568569,0.26160350260263543
857,0.8578578578578578,0.2597379805095855
858,0.8588588588588588,0.257227253842958
859,0.8598598598598598,0.256157869243055
860,0.8608608608608609,0.24880175303945828
861,0.8618618618618619,0.24777237855044165
862,0.8628628628628628,0.24431154077229777
863,0.8638638638638638,0.2436580882352941
864,0.8648648648648649,0.24137830275554295
865,0.8658658658658659,0.24020735233853696
866,0.8668668668668669,0.23546657928233586
867,0.8678678678678678,0.23358198177205172
868,0.8688688688688688,0.23295037240735753
869,0.8698698698698699,0.22703319112337272
870,0.8708708708708709,0.22633724113417397
871,0.8718718718718719,0.22134088877527072
872,0.8728728728728729,0.2206862965401038
873,0.8738738738738738,0.2188217823173655
874,0.8748748748748749,0.2179115375254589
875,0.8758758758758759,0.2040646814897385
876,0.8768768768768769,0.20270850094220813
877,0.8778778778778779,0.19806540931498343
878,0.8788788788788788,0.1973873052913072
879,0.8798798798798799,0.1852023014738392
880,0.8808808808808809,0.18283500823679594
881,0.8818818818818819,0.18151966867194916
882,0.8828828828828829,0.17639298821336336
883,0.8838838838838838,0.175511856937017
884,0.8848848848848849,0.17285933810789045
885,0.8858858858858859,0.17231754771695745
886,0.8868868868868869,0.16816729887201554
887,0.8878878878878879,0.16640029121454014
888,0.8888888888888888,0.1514308216342579
889,0.8898898898898899,0.15090680819987007
890,0.8908908908908909,0.1459115429185765
891,0.8918918918918919,0.14567332727696203
892,0.8928928928928929,0.14511113278882848
893,0.8938938938938938,0.14319113716564602
894,0.8948948948948949,0.14190766712625041
895,0.8958958958958959,0.1391951973083654
896,0.8968968968968969,0.13881644171151786
897,0.8978978978978979,0.136033241414931
898,0.8988988988988988,0.13577703694836463
899,0.8998998998998999,0.13407168494684094
900,0.9009009009009009,0.13270320761603177
901,0.9019019019019019,0.13074379930272798
902,0.9029029029029029,0.12975991655223362
903,0.9039039039039038,0.1272101062477759
904,0.9049049049049049,0.12644318563427895
905,0.9059059059059059,0.12498532915463305
906,0.9069069069069069,0.11497587573946842
907,0.9079079079079079,0.11463629263530062
908,0.9089089089089089,0.10951555805988977
909,0.9099099099099099,0.1091264466302611
910,0.9109109109109109,0.10862909233708617
911,0.9119119119119119,0.10843414238372749
912,0.9129129129129129,0.10002004210168645
913,0.9139139139139139,0.09981879466012031
914,0.914914914914915,0.09690336684511236
915,0.9159159159159159,0.09566212008485314
916,0.9169169169169169,0.09454647500602563
917,0.9179179179179179,0.09330608009845535
918,0.9189189189189189,0.08932471043073142
919,0.91991991991992,0.08679798092355935
920,0.9209209209209209,0.0833070220027911
921,0.9219219219219219,0.07673710411246992
922,0.9229229229229229,0.07548568225181149
923,0.9239239239239239,0.07440692656823467
924,0.924924924924925,0.07413160804273317
925,0.9259259259259259,0.07235248760604161
926,0.9269269269269269,0.07190827506218726
927,0.9279279279279279,0.07040858491128522
928,0.9289289289289289,0.07004065634769084
929,0.92992992992993,0.06818989062100721
930,0.9309309309309309,0.06809188517928538
931,0.9319319319319319,0.06678462059427562
932,0.9329329329329329,0.06582542903105888
933,0.933933933933934,0.065247828948761
934,0.934934934934935,0.0604952741975152
935,0.9359359359359359,0.059764344574977354
936,0.9369369369369369,0.05846580903208494
937,0.9379379379379379,0.05798581684197071
938,0.938938938938939,0.0534808493850719
939,0.93993993993994,0.05318466734171881
940,0.9409409409409409,0.0497328050739618
941,0.9419419419419419,0.0494366230306087
942,0.9429429429429429,0.04756130664176678
943,0.943943943943944,0.04726512459841366
944,0.944944944944945,0.04228861479576081
945,0.9459459459459459,0.041519730890383355
946,0.9469469469469469,0.040750846985005904
947,0.9479479479479479,0.03998196307962845
948,0.948948948948949,0.03921307917425091
949,0.94994994994995,0.03844419526887346
950,0.950950950950951,0.03767531136349601
951,0.9519519519519519,0.036906427458118556
952,0.9529529529529529,0.036137543552741104
953,0.953953953953954,0.03536865964736356
954,0.954954954954955,0.03459977574198611
955,0.955955955955956,0.03383089183660866
956,0.9569569569569569,0.03306200793123121
957,0.9579579579579579,0.032293124025853756
958,0.958958958958959,0.03152424012047622
959,0.95995995995996,0.030755356215098763
960,0.960960960960961,0.02998647230972131
961,0.9619619619619619,0.02921758840434386
962,0.9629629629629629,0.028448704498966408
963,0.963963963963964,0.027679820593588873
964,0.964964964964965,0.026910936688211422
965,0.965965965965966,0.026142052782833963
966,0.9669669669669669,0.025373168877456515
967,0.9679679679679679,0.024604284972079064
968,0.968968968968969,0.023835401066701525
969,0.96996996996997,0.023066517161324074
970,0.970970970970971,0.022297633255946622
971,0.9719719719719719,0.02152874935056917
972,0.9729729729729729,0.02075986544519172
973,0.973973973973974,0.01999098153981418
974,0.974974974974975,0.01922209763443673
975,0.975975975975976,0.018453213729059274
976,0.9769769769769769,0.017684329823681823
977,0.9779779779779779,0.01691544591830437
978,0.978978978978979,0.016146562012926836
979,0.97997997997998,0.015377678107549381
980,0.980980980980981,0.01460879420217193
981,0.9819819819819819,0.013839910296794478
982,0.9829829829829829,0.013071026391417027
983,0.983983983983984,0.01230214248603949
984,0.984984984984985,0.011533258580662039
985,0.985985985985986,0.010764374675284587
986,0.986986986986987,0.009995490769907132
987,0.9879879879879879,0.00922660686452968
988,0.988988988988989,0.008457722959152144
989,0.98998998998999,0.007688839053774692
990,0.990990990990991,0.006919955148397241
991,0.991991991991992,0.006151071243019789
992,0.992992992992993,0.005382187337642248
993,0.993993993993994,0.004613303432264796
994,0.994994994994995,0.0038444195268873445
995,0.995995995995996,0.003075535621509893
996,0.996996996996997,0.0023066517161324414
997,0.997997997997998,0.0015377678107549066
998,0.998998998998999,0.000768883905377455
999,1.0,0.0
